fa_customer_sk,transaction_limit
25379,4827.56
69468,10021.50
47004,5560.62
2888,12077.52
31308,5696.26
3509,8337.95
33481,7480.35
70590,7105.61
51912,1817.00
4938,10684.09
55387,6455.22
30366,9215.19
34118,3212.11
48564,1277.24
42895,10216.97
49827,8520.99
61303,8958.11
50849,1266.62
55043,8000.31
49323,8745.31
63393,2444.71
61782,9605.00
34884,6220.35
7270,8215.32
8960,4705.55
56347,3484.00
21090,3540.76
55109,3839.03
10812,3267.12
64166,7282.55
69583,12011.32
59802,3071.10
57000,3464.38
57590,11341.75
60681,8055.29
30795,5678.72
27034,7833.40
5838,6500.45
12565,7652.08
59924,4683.71
13203,1502.47
61951,10967.26
18405,11067.40
12788,11200.66
7278,5789.79
6646,7760.53
39912,6439.47
8696,11191.68
21215,1583.48
63436,8705.07
10387,6087.45
30888,7117.75
54555,7054.09
49714,4984.20
16505,8448.08
7362,5469.06
65742,3168.24
65761,9001.99
34138,9127.74
66271,10490.85
1334,10218.93
31235,1884.77
20638,10786.82
27385,5619.45
31807,4622.63
17558,10839.72
31286,5908.21
16196,3919.73
25157,7682.11
66723,5732.14
31665,4301.03
61686,6718.78
28691,11559.32
28508,3439.13
4687,7553.46
23701,3263.77
43084,3435.68
13671,12636.46
42067,8639.62
32265,5961.85
18416,5155.85
54925,9493.67
26990,8467.93
65803,4136.46
40195,4829.39
49142,12045.93
28204,2021.64
60251,11078.99
61759,7637.52
62886,3235.96
58098,11219.09
32565,3951.47
22523,11864.14
7549,6198.46
30847,2846.23
31721,13279.41
53978,4662.83
28201,12601.41
44101,10824.28
70384,5390.48
25306,1015.20
52159,7846.76
60787,5709.01
36802,5003.59
47401,7691.17
55242,3370.91
36798,7580.56
29356,7007.07
50186,7302.51
25564,6533.19
60171,3679.83
7919,7473.68
57393,6803.14
44325,11870.98
14091,7159.07
30577,7307.68
10529,5905.46
12925,5625.86
63849,6620.62
31896,3228.00
58669,6260.76
3645,9059.70
60612,2955.28
4052,3234.70
41299,6491.59
37673,9277.28
42964,3171.46
38366,1513.68
61845,5462.68
38117,7483.55
41884,11567.89
39316,5410.54
25950,10819.06
37985,4171.88
57761,13433.53
4570,9924.25
59096,9805.34
59631,7236.09
15013,6429.10
1849,8505.37
47933,5895.21
61525,3488.19
53613,8850.05
41548,6378.07
11995,5806.71
19410,2584.68
64596,6615.64
27051,10702.18
24196,9799.93
32389,3684.40
36348,7835.83
27692,8842.22
14032,6979.60
6312,8391.26
36633,5781.89
34439,6366.24
729,2028.47
33566,7259.42
54623,1763.70
2464,1666.45
55225,2377.20
40420,5324.90
64755,4120.53
52555,4589.39
9864,7579.97
53652,1986.00
43307,6065.80
54851,2799.07
16857,5973.74
65621,3885.21
3408,5695.59
8300,2974.38
31557,8549.62
45614,7563.45
24473,5401.10
39022,4393.33
65966,8778.66
28012,4338.58
5709,5075.87
25910,8562.15
9130,1982.69
21520,4561.66
51727,1240.91
70004,6885.54
13328,2662.82
11974,6272.21
41763,12148.38
11477,3651.56
50537,5995.50
10513,6950.61
47314,6428.17
57435,10956.51
5512,7402.83
27371,5565.61
65799,1540.99
46758,6293.35
21316,5224.38
57489,4295.40
36724,5525.49
52332,7432.39
39047,8169.42
15378,10413.48
27321,4291.44
63772,12197.82
32248,8096.33
758,3414.49
11387,11605.75
51276,5124.70
57664,5345.03
64220,4753.13
38808,9464.01
3276,7182.96
53677,10174.15
34335,4652.77
5050,5175.49
62357,6172.74
28192,3283.11
40364,4322.84
10808,9811.56
44479,4480.42
20737,6517.69
70697,9657.49
58485,7515.10
17987,9109.86
36861,4100.65
36648,6109.53
43999,5973.82
69807,5887.26
7485,7045.18
57040,8412.14
3643,6635.96
49561,9339.84
23895,11179.77
54145,5020.27
60009,4350.46
43006,5451.57
50424,3878.17
38777,6643.35
21233,10170.89
52754,6223.80
42347,10166.64
42702,6759.55
69053,2776.76
61281,5199.94
20519,7096.68
39459,8099.38
13228,9059.79
24562,7038.43
64990,4770.50
48728,8966.69
36055,8078.31
2434,8239.90
12708,6310.49
68131,2441.56
46066,3857.43
42701,1346.56
18844,3072.74
60848,8714.00
70194,6607.51
5132,10691.88
27327,7153.64
56935,4626.65
59790,6538.36
29805,3441.78
46771,3993.43
28067,4907.03
49346,4729.05
5840,12221.46
7431,7810.28
32642,6431.03
46588,7700.84
18955,3419.97
33924,9681.62
13610,11089.44
17614,10400.20
10221,4518.07
28309,4515.31
25666,9985.96
63974,6561.45
9438,4442.29
8253,5723.96
62362,3624.61
30131,6852.52
23537,5459.50
10534,4102.61
52470,9509.27
31979,6147.32
69190,4298.01
6172,5905.74
61963,13151.90
55918,4554.66
10888,7556.65
21883,7587.17
63693,3626.75
18527,7895.69
64212,7362.09
20870,5823.86
60853,4978.36
52476,8596.78
59781,6039.40
10968,6318.93
69307,4815.02
48133,8681.29
8872,4125.49
68404,8701.92
67590,11613.60
17124,3825.95
57488,3565.36
22008,11198.84
8253,4784.23
9767,8805.68
28805,10114.04
3936,8248.55
63570,2673.08
21767,8450.62
13246,5301.89
31916,4893.60
57372,8937.32
58157,8159.10
63277,3814.29
63654,5450.33
60639,5916.01
50291,9100.08
13164,12315.37
2666,11498.75
26066,11478.39
47275,7043.37
29384,8287.58
27491,7661.34
5244,7303.07
43709,9881.36
1757,5817.74
66525,6013.87
7851,4103.20
48058,5685.99
42684,9475.32
56850,4804.98
51161,3675.56
70356,9156.27
61215,6977.96
2699,5204.53
19323,7081.03
22273,4072.08
14170,3992.46
31364,4784.40
61996,4545.45
6411,4639.93
63103,9687.89
3043,9454.54
52210,6585.66
32769,6653.82
64115,1160.12
67489,2474.31
36682,4224.97
34510,6128.46
36727,6852.08
15232,9472.56
35958,13562.90
61354,4702.53
56181,4164.66
50722,5991.72
21988,4411.85
59455,3282.25
67183,14629.99
19248,9410.79
10847,9619.47
63025,6984.70
13990,7483.41
38387,12017.42
57243,5970.34
45385,7939.76
39577,5395.58
46830,4670.12
27741,11389.41
36050,9832.42
60570,4838.01
36974,3039.24
30297,7904.32
5739,11459.81
45328,7498.15
24550,7419.24
6193,7807.69
4304,8884.80
34850,5179.73
27290,9786.85
28116,6455.81
12962,9938.31
64073,2653.44
12847,4605.38
70069,7522.36
38253,6934.80
53831,2777.71
2557,2393.88
44564,4676.94
16368,6217.21
23197,6449.68
7235,3306.60
59926,1436.82
19455,8101.79
29799,2626.30
13602,9159.52
57532,10965.48
2502,6750.36
11018,4473.51
18815,6571.30
34758,11669.73
53238,6679.31
53607,6038.19
58363,5344.04
68868,5850.01
43102,2220.88
35547,12085.86
35642,7909.92
55043,3891.39
66472,3976.89
49024,6496.75
64286,4841.43
51534,4009.65
1589,4763.70
24807,2886.82
57705,1764.83
19726,3373.84
21955,6226.29
58943,6089.29
55368,5929.95
11019,6290.92
25968,8674.96
50439,11934.35
18792,10947.96
11907,6477.65
30305,6010.99
61526,4749.20
25858,6137.68
57856,3723.25
54851,6829.58
40689,9345.53
67475,7806.26
57291,6514.03
19754,6451.21
56918,11790.62
56314,5675.16
66879,4060.80
22201,2673.05
59310,8433.83
14597,3672.64
42991,7224.79
14596,2440.14
64786,3539.83
14206,3129.59
27943,2555.62
15529,6109.68
70349,5965.86
69809,6710.99
13411,4283.14
43944,10941.13
16001,2475.79
23380,7854.52
32510,4721.14
29887,5593.20
45165,5475.41
3474,4043.12
11728,4165.50
37754,4101.64
3570,6948.29
69860,1782.83
26843,7785.35
3170,6988.95
39780,9722.35
69750,2741.06
39668,9175.12
63804,5071.81
134,2943.42
31477,4916.54
29951,9693.11
54461,3042.89
66557,10474.85
18712,7580.27
43163,3925.17
22947,11818.81
39007,3433.00
21501,3283.88
10711,9025.22
12907,6711.15
37029,9206.13
27311,8562.81
33121,6106.21
18313,1585.52
69674,6173.87
9446,10131.03
23970,8380.66
15531,4655.02
22006,12795.49
44502,5414.97
17407,5767.14
15126,3406.89
51371,14079.84
27187,3407.07
55473,10714.07
64155,5581.43
64885,4642.38
652,6245.56
18303,12692.40
46288,5906.47
48776,1742.61
51566,2810.13
21110,6431.32
57377,6647.24
50320,12215.89
44587,8151.62
16134,6440.13
49804,7047.55
47520,7642.57
267,9157.41
8280,4363.27
63829,5651.10
52785,5406.03
54095,2872.61
67737,10294.13
58168,7801.86
11697,2614.04
12170,8221.04
50163,7763.68
24838,4550.09
14191,10462.30
17011,5384.77
31210,3656.73
8152,2598.52
19145,6726.16
48289,4712.59
35515,8861.87
28595,7816.61
57142,1418.77
8602,8446.71
31786,1418.11
48171,12658.35
34136,1884.79
51061,9358.25
69962,8488.92
9705,2432.74
33966,5821.67
45123,4170.63
27750,3555.93
4055,4985.40
68765,9307.01
34811,3320.46
18412,5351.87
57068,6481.00
41021,11350.56
33153,5682.86
21730,8350.35
17851,3430.38
35888,2379.25
9539,4219.67
53023,10109.10
10264,2066.34
57559,11770.99
45282,12489.35
34229,3176.90
19542,3720.71
35023,8161.98
26845,2712.62
63406,4926.87
42982,7036.28
31376,5449.77
63903,9692.50
52731,4684.24
42092,7106.00
15379,8374.00
9451,5536.67
5399,10218.17
43545,1829.97
38219,7637.19
53794,10827.95
18518,5067.57
63208,9209.37
20750,8523.06
26935,2164.06
56579,6646.32
13992,9730.00
31979,5581.88
29112,7759.76
47768,3898.78
23993,2334.00
54703,4489.56
59965,7083.73
19774,9650.50
33491,5982.98
68618,9167.52
45024,2690.76
32000,10570.03
32153,4704.71
50399,11136.52
1740,7183.37
16641,9851.38
909,5001.52
35442,3441.98
47817,7120.68
59967,4574.21
51184,8933.66
2703,7226.17
3853,7344.37
16316,10791.43
7865,8475.14
16735,3704.92
5720,8726.77
47034,5166.62
7064,6317.73
4187,2278.80
24983,3392.11
9389,6282.74
10561,2422.74
15618,4789.01
41288,8328.81
32267,3813.38
27498,1855.62
23362,4439.71
8280,7684.41
58748,9346.19
35413,4422.02
32347,5983.61
53377,7387.82
62467,10719.81
11882,7513.22
42956,5229.61
4885,8190.16
34125,8354.15
37617,4023.89
61479,8010.27
17593,9217.72
2070,3317.28
65899,15066.42
20405,4704.61
2659,5914.67
36261,5663.54
46023,2740.30
62378,11079.69
25650,9554.68
37628,6223.56
50158,8125.48
2211,11493.74
50099,7274.97
12686,1471.76
50170,6792.61
21951,1740.26
2540,5279.24
12554,10739.23
23277,7320.23
19208,10333.64
23728,10573.21
9304,5222.59
11731,9725.43
13287,5873.99
15307,3406.44
59661,3955.03
50308,3351.21
2490,9270.27
36657,7415.69
52207,6412.62
35524,5235.53
26233,5454.76
33026,3495.98
25225,2798.08
16826,6079.30
43169,12375.27
40448,7726.68
60162,3899.86
6173,8532.69
64580,8688.84
61371,1418.49
62285,7487.22
33671,6670.59
65288,6183.46
20610,11236.10
59332,8263.54
37869,9304.65
23872,5130.52
1950,6228.69
37605,10158.29
28121,2796.37
5040,6663.07
47971,6993.88
32123,8217.95
59255,8208.60
23754,6388.77
37287,5565.46
18555,9239.85
65274,10583.66
2809,4987.80
9572,4992.07
61489,8878.10
45316,7655.50
14721,3920.18
57382,6345.05
14400,1843.12
21455,11059.33
63722,3238.77
19675,3107.66
49796,9618.23
52267,6776.72
50479,7349.77
6952,2931.62
24884,5583.72
22134,4993.24
66232,1636.04
2747,3725.81
48369,6938.44
60343,5430.32
67879,6187.71
20541,11651.60
41405,9704.97
22983,9148.87
1727,14071.08
55050,6502.73
19966,7542.61
54979,4801.42
66146,12039.43
60809,2863.56
61171,3948.31
39963,2411.61
21112,2048.57
56585,8421.78
47207,9017.89
26967,7960.13
20219,7400.11
61123,9242.22
64277,1938.61
69501,6129.94
46133,5217.31
63103,9770.81
68035,1829.53
26435,10972.97
53369,4029.17
28833,2423.91
245,5406.50
65448,11888.92
39952,6601.37
12476,7141.70
3548,4828.47
64569,6862.75
59034,5723.72
55884,5728.43
14962,3102.64
35059,11403.42
15702,2002.45
6069,4231.82
62350,11770.24
61875,6702.02
20672,5273.57
17666,12663.92
69581,2847.49
28744,3870.38
57558,8865.38
34575,3220.81
65609,6712.32
29043,9525.65
48496,2722.00
57292,10611.96
15720,1877.62
15240,8428.82
52138,5352.49
32625,7305.78
61623,6010.68
40748,6836.30
18335,7027.31
65940,9121.81
69238,5590.74
57921,4104.38
35336,2782.89
3861,7897.45
28003,6357.07
18786,8865.83
16269,4912.28
42570,2940.37
54143,2606.64
20497,8954.32
14725,8297.35
48102,8799.66
10219,6388.78
25154,7965.88
45080,7862.25
31923,4361.98
42309,7365.62
7742,8593.13
51413,4419.01
22310,7503.39
29677,6990.74
19616,9728.31
22795,1524.49
30423,3180.39
25669,3348.62
24737,7024.62
10302,5767.62
31675,5224.03
22981,7212.56
552,8780.85
28033,2879.43
62712,7092.60
68392,3686.33
25907,11136.71
53821,4744.03
48972,4598.38
44739,6832.36
9996,7919.40
60500,7934.73
53043,7752.02
42002,9613.55
37948,3604.72
37498,6998.45
14278,7283.22
4004,8667.93
52551,3966.89
60483,4866.94
6459,5944.88
61215,5242.47
22374,4622.37
51014,1631.16
4688,7993.51
11195,10257.67
14439,5497.41
55262,3595.71
2436,4273.04
34251,5655.34
64054,5037.97
53588,6926.58
25264,1640.76
61857,6720.09
36773,2366.76
46960,6713.09
33414,5926.02
28635,8525.38
37570,3986.26
67343,5557.30
54922,3566.77
60746,9867.41
57230,1585.19
23133,10355.98
13021,5892.19
34509,4758.17
68322,4898.57
9888,8083.22
8819,12362.36
25694,7764.57
12556,8384.81
25502,4751.23
44898,7564.79
11390,4815.46
39282,10266.22
69573,8540.07
21813,4495.09
34231,9017.95
48921,5352.47
679,7272.08
24030,3867.71
47360,3724.23
23424,5504.94
11574,4931.89
53021,2456.78
13378,1392.26
15279,7715.42
59645,7735.73
43964,4976.53
43999,8659.66
43231,1503.08
29744,7299.09
44297,2671.88
1845,3821.91
42545,1770.29
69131,5417.72
34495,6754.66
6523,5754.67
49303,6694.92
7162,1369.21
52098,6073.60
27088,6518.19
32396,11046.45
63257,5906.74
14393,3580.56
63317,8339.17
57405,7973.46
61206,4217.29
70161,4251.37
55121,11543.60
542,5285.31
1848,3103.67
68231,6723.73
1911,6062.50
10262,6959.94
41882,3267.09
47143,8826.63
33480,6547.83
15108,3443.60
22808,7962.26
38080,8198.81
16226,8618.33
26167,4580.55
11756,9636.80
51503,9815.64
64163,4196.52
40979,10719.86
27944,7274.29
6456,5426.67
19291,5983.38
17008,3159.72
6745,1035.63
63011,2484.39
44437,6837.40
47605,7046.54
43522,1961.48
2585,9105.78
42311,3248.23
40926,5423.57
18459,1931.92
62846,7677.36
6113,8499.65
7792,3308.15
67486,4155.36
59734,6051.29
36570,4383.71
51594,9682.86
31181,9678.04
33596,10348.93
43182,1591.53
24135,5392.41
27556,1511.85
10442,9907.49
61389,10064.13
27916,9792.66
56507,7751.79
5177,5191.82
46123,10351.43
50403,6669.24
48483,1474.22
65362,11117.44
33222,1555.12
28612,10195.28
15914,3626.10
22527,9358.29
61381,7710.27
42020,3870.33
27907,5517.17
5156,6070.01
69952,8731.68
29380,7701.06
25137,9260.29
54791,3861.04
32543,8516.86
33354,6570.63
45430,9547.03
43185,4359.28
15263,7095.20
54247,6461.70
57697,1003.51
69074,5970.43
6421,6504.92
48939,1965.23
52515,6524.56
67734,7665.06
50888,8571.78
66692,10000.31
2971,7539.96
10512,8702.96
8268,7606.89
22895,2631.67
41572,4861.15
51092,7865.68
13505,5427.21
55605,8947.05
35667,4766.71
39722,2552.64
17383,5166.00
55709,10823.23
23947,6744.30
29071,3681.44
12253,6720.50
60294,9383.24
9118,4061.34
23045,5046.56
12058,2125.30
3050,6821.34
25037,5905.09
60894,7137.63
34682,9252.64
39223,9877.36
33545,1283.38
1222,5944.47
43575,4469.97
44753,4849.74
58432,9390.62
40440,10006.81
41943,5772.10
16226,8474.89
56885,13473.64
13222,7921.71
36360,2352.55
69334,2655.33
39042,7859.20
50282,9527.93
1648,3994.30
16588,10268.94
10980,4009.31
49762,6109.54
10316,4205.16
31254,5600.88
66465,10313.84
32186,5304.83
57706,7654.44
17178,8690.01
22665,7403.76
8282,9384.30
68348,6454.90
44666,4309.96
35443,10490.67
12927,6355.82
45244,3785.32
38996,11440.87
44941,5482.66
23473,4333.39
21614,6567.03
53793,7417.05
47141,4315.37
51982,8983.11
21178,7703.86
70531,5755.88
7548,4546.14
44488,6277.71
2462,3925.98
3206,3337.27
50179,5348.49
64385,7062.23
551,6015.13
57798,9961.16
8403,4020.05
61874,4191.42
56903,1625.73
24272,5947.72
52802,5035.66
69084,11120.54
37913,1625.43
4995,2698.28
39628,9748.48
18612,10350.81
60549,7561.33
9239,9954.89
57953,6465.04
37552,5733.44
47167,6240.26
29069,8488.30
27488,2528.54
34908,3630.17
13983,7658.62
19402,5766.81
31147,7043.50
53622,10140.61
57643,9536.02
43486,9086.99
25330,3317.30
13472,11164.06
51191,3580.55
10574,5656.17
6220,7952.30
20197,7149.49
54785,6420.03
26326,6297.16
27301,6789.73
50634,3083.76
2053,5760.27
59166,5942.97
62303,8700.20
8851,5812.45
15254,2741.23
58673,8008.88
27069,5368.57
35709,8295.51
19414,6529.87
58200,6021.64
20424,4125.04
68924,12338.68
46382,5112.33
40693,12679.80
42111,6309.77
53533,2240.31
60660,9494.36
15936,7803.60
1111,7476.82
59246,5295.37
62587,4468.94
37481,5177.04
33089,3972.27
32113,5092.72
51155,2878.22
41686,3855.05
62253,6910.37
63641,9330.26
61214,9249.46
16437,7681.58
34414,7350.42
41702,2371.88
8498,11498.51
14823,6115.97
29121,5788.21
17044,7711.55
1607,6080.74
56088,4871.33
12739,4435.64
31462,2141.96
58261,7702.35
32643,10132.62
8111,9085.36
36707,5043.71
9251,3677.29
11459,5208.97
25903,3752.88
63436,3382.63
53976,11186.46
38785,1425.63
47014,3156.88
62610,8556.37
59420,4894.42
25496,7753.16
6935,6476.30
11900,7907.23
780,8095.14
33205,7251.36
43386,4653.45
15119,6278.81
24227,7690.46
5932,1868.66
20710,11942.82
5586,5576.04
21776,5561.73
61084,7776.10
60228,12998.55
36117,7113.11
28245,8122.39
38922,5322.21
69227,6888.09
44103,1448.63
23645,4091.43
32383,10062.07
21440,5414.02
19744,5095.60
32661,10972.80
17092,1304.50
41637,2072.40
64894,8094.06
42901,2336.68
1086,2986.65
43872,4577.06
65680,10126.39
59424,12433.28
36860,8025.27
45863,9873.62
16067,6020.10
9641,5194.57
30091,8652.49
35034,11211.05
3464,4939.17
10293,8451.11
41715,6996.27
44649,7822.85
64907,4173.06
59476,5652.21
27056,2282.04
5618,4869.66
10608,6905.65
35108,2763.00
62789,5744.62
28460,3365.46
10434,4039.11
29220,6377.68
31140,8366.90
36987,9444.00
47697,4191.99
70168,8199.20
23082,6359.89
36125,7093.05
46901,6023.31
215,7362.88
39035,6704.05
59370,5022.29
17402,6584.43
51593,7811.69
13905,7428.44
38080,13027.72
64367,6295.72
16101,5262.76
26215,6917.58
38200,7847.40
34873,4342.29
40990,5896.95
67044,8775.69
15561,2971.84
66649,8776.02
52197,10018.02
70457,7450.70
43039,7126.43
68417,11378.34
51071,3843.50
43367,4880.02
24577,1346.88
25838,9593.16
8093,11901.60
49766,3568.72
52609,2113.83
13858,6072.23
44605,8067.43
28117,2572.82
50967,5173.53
42300,2820.88
17202,3881.36
69540,8675.37
16408,5200.16
11264,5556.53
56089,8141.18
12080,6303.15
63286,5114.12
25680,2698.73
18836,6617.14
30565,14508.07
38186,1716.81
24721,4188.71
54973,6031.57
64839,4264.33
36513,4059.73
60172,7583.99
21066,5294.73
51123,9522.96
28854,6869.01
58286,8330.30
5725,4260.52
9193,6354.06
38509,4016.60
29896,8608.64
59982,8439.63
64725,4994.21
15844,8259.50
6554,6763.58
15367,2125.45
36803,5664.83
32192,10686.59
18346,1180.80
28380,13110.80
43855,5594.56
48239,5339.98
55606,6935.96
6807,8022.06
54555,7842.54
55073,7015.23
15743,9390.87
23850,8286.36
28592,7605.75
16661,2490.48
39059,5633.04
1513,9847.19
35378,5838.05
52819,9598.69
62992,7543.10
44011,2286.06
68343,7110.62
42588,4496.05
27703,3946.17
13635,10799.84
34651,2379.07
67772,4763.30
16635,4180.21
576,1102.24
58273,1572.08
61371,6832.50
48867,6922.18
64605,6831.77
39582,7088.16
11644,7061.59
62475,7869.66
65921,2749.45
61657,11739.13
32755,2770.08
27618,6002.45
33947,7273.18
18346,7465.08
19211,8705.55
28460,6997.16
42016,1530.90
70661,2892.36
35077,3329.04
12866,7828.11
63571,5508.07
62498,9282.34
64638,7582.61
57338,3849.16
6648,5468.74
60041,5801.48
62644,6884.96
756,2856.79
23516,10555.41
32412,1549.79
40273,10614.68
13689,3470.63
67809,5193.65
35365,4242.41
18174,8454.33
58696,9141.93
40916,5771.84
60576,9275.50
63413,5032.71
41644,4020.94
40577,2958.68
21200,7692.84
63543,4311.02
13212,10860.27
35276,5524.17
59258,5626.72
15118,4732.45
44847,4431.04
45502,3824.79
67338,8209.59
40886,9925.82
9946,5647.58
68980,3615.23
10742,2658.23
42572,9171.29
70001,5860.51
13833,2619.84
19128,6163.55
54826,7876.56
25497,12205.46
67236,4781.82
44276,3698.56
20212,4001.02
63429,4197.37
14665,4201.77
7422,8543.00
40815,4651.93
34768,8188.72
57001,7691.82
36028,4152.45
4436,4256.07
18152,6336.51
41306,9016.47
47047,7891.52
54276,6947.19
30134,12564.59
56241,6118.71
46279,9229.47
13961,5892.47
54072,2158.75
27651,6083.42
1317,1075.32
49268,5436.77
45870,2796.52
6363,6725.94
21316,6512.37
56554,10059.07
4762,1586.15
20866,8986.97
48285,8501.01
19512,4116.82
16037,5098.60
6782,6641.54
13900,9546.70
42685,4372.14
33164,8021.15
58911,9261.77
32237,4341.29
59125,13085.14
21059,6791.40
45645,9267.10
2354,9661.62
11741,8427.63
59954,10245.82
61971,5377.06
11821,7920.53
53825,6554.35
48755,2661.38
38299,5380.78
9109,3956.80
19172,1250.73
9552,12297.64
10694,6888.95
2072,5495.62
22935,8915.95
9569,6294.06
24042,11499.92
23519,8136.00
59967,4869.35
50456,5419.12
67759,6744.98
14710,7262.89
39108,8207.66
16857,3164.94
3645,5930.08
18625,7038.41
24431,5262.10
16985,7710.40
30985,7588.27
39062,5928.32
43634,6916.35
49945,13116.94
6848,3091.99
34039,6599.08
20701,1817.84
2497,5756.70
40175,1619.25
56849,6385.11
50165,2228.78
31526,9193.78
38304,8824.62
26328,7695.37
39474,12712.68
27997,3978.46
2370,4571.10
4499,1690.70
39992,6536.16
12084,1616.23
29866,7754.25
19279,9633.66
7640,4165.30
3062,4209.08
51288,3451.84
10111,2291.06
11569,4633.68
59330,6110.20
51395,4281.62
38725,10120.36
36805,6008.50
56801,9340.16
64494,5125.51
42815,5836.87
44539,4590.11
36224,4651.99
68158,5199.31
67405,11201.86
59925,8943.14
41515,9607.73
67580,3605.54
42323,7607.24
51072,3219.56
69806,5928.83
28531,5133.78
3728,11103.91
35842,6957.79
10758,3463.79
54516,5021.65
38968,4062.72
14873,4239.97
15494,2013.98
30375,6876.38
66392,3806.25
18868,5350.70
45887,7329.83
61213,5407.59
61408,9356.14
4357,6378.10
65486,8043.08
21284,7143.50
12198,11622.55
38215,7614.32
59287,7138.84
24884,3949.12
44511,8072.13
26956,9296.52
41589,8872.99
24053,5851.44
44442,3608.58
50078,11932.78
65229,4686.70
63056,6156.89
1269,7658.49
44872,7980.93
50070,11687.62
43756,13553.52
194,6196.23
56958,10134.33
43752,7014.82
32858,4652.87
58115,4826.82
66123,9556.93
67197,4789.99
48614,2870.47
40579,5733.27
6248,6858.85
17984,10526.57
48810,4189.63
35311,9035.13
3403,4105.78
50697,8945.64
26452,1901.63
60811,8169.18
63055,5909.49
7704,8714.81
6387,10791.72
28203,4276.41
20914,7907.78
12882,2491.48
7691,4105.99
10451,3472.40
11072,8027.23
47066,6191.04
15780,8435.76
63543,2013.10
54767,7865.88
38749,8235.52
50788,7030.41
1763,8448.84
19257,3349.46
69621,3399.27
68623,8301.52
38193,6818.98
28088,4827.18
9901,7500.96
12040,6055.69
6144,4088.56
17766,5923.94
11926,8262.66
58738,2337.84
28304,7931.33
4116,8930.73
53342,2335.92
70030,6320.22
28776,10274.11
28299,2694.74
19740,4038.86
15584,4015.05
34735,6392.68
3340,2575.66
58043,5736.32
34953,6942.05
53974,1006.67
66414,5958.78
44533,7862.55
52258,5072.94
1767,11287.64
5212,7778.91
30138,7565.23
5149,3527.58
14249,6879.07
56738,4761.45
49872,7912.13
26017,7653.39
43671,5964.17
11808,3988.97
21619,11881.11
3549,5120.86
42008,5748.64
2077,5390.34
30585,4064.80
35248,4871.81
56755,5846.42
53007,7750.69
36892,8619.67
44545,3562.96
18549,11884.49
37599,8634.02
58196,4191.41
52891,3887.06
41085,1264.50
12404,3108.86
57905,8751.96
16164,6572.60
13961,5589.82
14091,2931.10
12716,7321.81
15863,4642.30
47361,7704.11
50932,7328.73
20011,10564.64
4236,4130.19
33934,4923.57
40839,5352.85
58934,5867.52
49474,5306.61
28905,2972.15
4098,7278.53
33714,3722.13
37014,8632.21
54479,6886.76
844,5330.33
59220,4688.45
25509,9057.34
26303,4863.90
69420,6432.37
31376,7818.52
47921,5013.40
17254,7031.46
64459,3625.71
48144,2350.54
4968,5134.16
32897,5163.28
67731,4430.65
20607,4822.21
25994,6175.76
46814,7848.43
31558,4978.33
4463,5140.87
41775,3717.44
31416,4656.84
11724,5633.45
65787,6093.21
19291,3633.91
55031,10349.80
40850,10682.58
38951,6834.04
51898,13951.27
38293,6393.63
19884,8801.09
19970,4390.12
28028,7236.03
23952,8140.43
7410,6729.71
45502,6181.86
51661,5524.43
19799,2734.90
26580,3134.33
18952,5980.87
14324,6771.00
61698,2596.17
28006,8173.32
58775,12747.85
50978,4743.69
20025,5721.50
65620,4864.71
64206,4887.44
33702,10675.46
24937,1550.08
27712,9945.13
39,6740.55
21078,5851.72
69197,6404.45
36179,4538.02
11389,3257.02
19813,1766.29
21339,4473.94
50689,5429.86
60385,6957.17
36642,11726.52
53004,5624.93
33445,2914.51
5500,3287.18
49750,9824.84
22757,2672.15
61839,2371.75
18825,12477.07
2847,4365.04
41108,4374.66
42574,9848.58
37332,5608.97
24259,4969.63
28495,6158.55
53285,9070.12
38311,4927.61
14578,2380.15
16301,10050.76
63299,7891.03
46606,3369.99
53456,4519.34
36620,4284.93
30201,10514.11
49722,8687.11
60114,1467.70
46478,6635.91
15368,6885.32
62348,1738.66
4727,2430.58
51185,1013.49
40508,3502.86
30429,2275.68
57784,6947.80
16428,4760.10
32686,6975.37
35018,5929.16
46081,7164.58
68135,4332.62
26350,5181.76
66710,7665.34
29165,4823.06
41488,2063.10
1165,6892.19
21891,8543.65
47980,10596.22
52785,5177.98
39718,1992.68
56396,7666.39
32906,5376.28
19406,12452.07
45948,7135.15
16600,5542.88
60087,5946.08
14990,1916.04
59134,4714.32
48816,1406.95
35378,5960.17
27081,5949.06
32428,7474.14
55513,11267.34
62484,10046.49
53074,7559.48
51548,8378.50
58284,4871.73
66174,10131.70
60658,6958.35
19205,10020.33
22837,5556.54
34028,1314.43
33257,5396.38
41752,3839.65
27974,7527.91
5598,8481.85
1998,5571.98
29514,2294.84
43018,2819.39
6162,6235.63
35744,3167.26
68018,11660.40
54518,8766.26
8213,5480.09
65383,7613.95
67320,8221.68
44455,2718.44
21136,1798.84
9899,13652.63
25985,4372.20
25342,10107.07
43811,3521.73
56587,8088.00
63567,6845.83
41613,6208.44
57532,9526.86
50048,7341.22
25983,10754.88
56925,6288.47
37138,6607.16
10458,8239.67
22386,6644.20
69537,6220.04
9793,10086.71
24218,4846.87
68580,6993.19
43762,3121.86
62657,1443.91
35662,4340.36
7477,2756.05
51357,5053.45
27639,5593.70
63071,6706.02
62692,4094.18
60272,2092.99
36619,2767.12
20062,9161.00
38248,12413.40
36534,4300.58
435,10203.12
41517,7208.06
6488,9292.49
10771,8533.01
60443,10835.48
31368,6332.47
59623,8346.86
2013,4571.59
400,3144.46
7414,9776.03
13119,7539.74
38531,3315.94
52617,3796.72
49790,4419.66
46263,12090.48
67271,8695.15
25580,11231.91
4109,2071.34
32568,2167.76
24782,4094.58
51355,4005.96
66154,4479.80
66696,8220.76
35361,4830.74
51892,6178.24
21147,3180.78
1059,7669.70
49057,4919.76
50416,6268.60
30720,3074.08
17302,4259.55
9760,7683.85
20384,10061.45
42356,4762.63
12994,12823.12
40878,5880.37
28292,7736.77
39109,9142.69
38940,5442.69
16473,9475.51
62361,11779.81
20322,6731.45
9166,2950.35
60439,6150.55
62206,10328.77
41990,4423.51
47942,7115.35
35929,8728.29
17469,9346.62
11212,12424.94
19862,11516.29
64358,10471.87
18797,3952.03
21717,9087.39
11664,6499.78
12429,9033.37
41496,11133.10
52605,5423.02
70480,4506.40
63685,1290.45
48756,8121.00
62577,4208.52
46758,4120.61
59287,10037.98
14145,9261.93
8189,8888.73
20516,7964.20
20045,6426.13
35621,4630.54
4418,6897.74
59587,7909.48
29455,4413.67
43953,3946.67
60283,7943.44
24606,8319.65
57358,6340.45
16717,7492.52
1829,6834.74
41479,11408.57
57733,7197.38
11512,7369.31
66136,4348.33
20410,8461.45
48510,8445.72
38575,11487.95
35915,2867.14
62085,2976.37
18306,5967.37
65232,1216.84
16322,8661.21
6151,6742.51
16989,5478.78
51696,6903.54
50483,4250.04
41863,5846.63
7970,3220.67
66631,10471.37
62238,3972.45
32031,2834.59
17337,8664.34
29763,4491.58
64720,5968.08
3757,5775.03
24295,2803.07
28057,3260.28
23339,3997.42
5667,3056.08
61774,7129.81
10794,4762.84
2975,9391.40
21894,3042.16
50148,2459.58
67238,6418.79
61235,2085.88
56188,5361.58
15295,6521.35
5483,7124.00
16717,7875.24
20871,8697.23
60436,2807.68
60557,5070.12
58711,4792.66
51723,4216.29
59857,8339.32
66182,6617.08
25805,3552.32
55325,3953.63
1247,9654.47
44752,3858.22
13913,5276.62
50912,5489.66
15087,3902.28
25672,1375.92
11998,4098.44
35263,5412.50
55509,4327.10
40472,6506.37
68119,6773.21
11028,6221.76
4619,5983.85
17358,2268.78
32566,6254.18
31820,4410.01
4423,6600.03
21744,6317.26
44558,4301.38
15174,5669.42
22188,5792.35
66176,7078.15
952,7445.03
65672,6734.54
60738,4577.14
56090,3066.86
37589,10208.69
28184,4281.55
60179,9046.86
9053,11478.41
558,8807.52
30717,4214.54
47143,6790.62
65601,5102.00
19356,4633.41
52219,4866.10
52961,2926.70
40561,6343.15
14604,6413.12
67669,2799.79
12011,5198.78
58409,5419.63
45103,11878.45
6336,10194.64
60198,7494.55
34099,1134.61
31361,6076.72
30250,2412.46
58621,5793.44
51396,7277.06
9030,4459.60
35957,2999.13
52242,2981.75
69237,9977.78
55499,5923.31
66394,9480.06
5742,7621.76
7897,11150.95
46992,6198.61
36404,6561.62
38872,6149.33
21379,6825.23
46985,4559.15
11340,2111.21
1973,5962.56
621,8632.35
65631,12323.20
13632,1568.47
44486,6549.53
10659,6282.14
18649,13175.28
6712,6779.02
5556,7457.19
47506,7770.24
39066,4972.73
44092,7839.37
5902,6648.05
14475,2991.23
16876,9355.34
34847,8182.21
10162,7497.09
23831,9882.43
49373,8810.70
26990,4374.45
18050,8561.03
4269,7560.47
49143,7067.79
33356,8146.34
19436,2824.26
58270,4300.03
37580,7612.63
516,2487.91
29312,2431.02
63512,6750.02
42303,1643.61
15875,3228.71
15826,4557.14
64775,6614.17
51676,6304.73
54062,10776.27
24889,10195.89
21267,7274.52
11384,9528.80
15265,11924.97
67738,6032.11
34339,5287.64
52631,2993.73
18640,3461.27
54775,3646.57
6862,5049.60
15825,3958.92
876,5270.05
602,7212.71
48813,6118.10
68638,5459.33
3906,7374.74
3811,9707.88
46128,1916.04
14726,7344.71
7006,5646.27
64789,8675.43
10371,10085.83
8119,7324.24
45819,5171.22
43428,8075.87
35819,4895.97
9017,7660.77
43372,6605.04
57126,3238.72
70398,5629.45
41924,12352.14
8873,1572.99
20758,6049.70
13299,9791.23
19235,4756.00
59095,4375.82
8887,5340.55
23428,6844.61
28925,4424.56
48629,5992.80
59550,6416.97
55429,5305.87
23314,4682.96
37995,3433.96
58333,5991.08
29342,3946.59
27609,3773.14
58226,6429.16
70561,4135.22
19448,1507.07
11258,3644.35
16046,7703.61
22144,1873.19
32825,6317.28
53497,3531.11
45735,12276.54
44142,5996.35
9738,5674.23
52916,5313.02
7139,10304.91
58432,7833.76
48503,9133.92
61824,4444.64
50563,6912.86
49370,6963.18
10824,3888.88
54750,9261.32
28498,10274.93
25580,9922.10
43539,8811.77
60507,5064.98
22699,8266.47
26773,2072.99
44208,6011.75
31992,9443.65
35858,1806.20
4778,5178.56
28409,9646.52
32952,4291.85
68024,1873.90
41255,3256.44
44720,9897.08
63010,5194.08
22939,4069.45
32551,12054.37
66734,5875.90
21702,9088.17
391,1751.08
39947,7623.14
27888,8071.91
6212,5184.24
48892,6991.88
66844,7829.17
21889,4155.42
61084,3149.51
61439,9140.13
17180,3715.97
49750,4605.16
42297,4279.81
62885,8361.92
70181,4889.02
62450,7991.43
10999,8524.38
589,3823.14
63694,4305.75
23060,8468.24
8959,6676.88
66940,5647.45
54132,4431.55
45667,9822.33
3592,6870.98
60186,7813.93
14295,2024.20
18317,8729.61
26009,3412.40
9204,5011.68
64039,6622.37
55921,4715.54
54947,5085.74
16790,6994.95
53177,5245.56
12504,3743.01
2960,5184.66
69481,5223.45
14587,4650.71
46509,9930.31
50846,1379.21
63709,3744.46
21093,4986.72
43240,8344.47
16483,7148.12
42826,4140.90
7169,5983.60
49532,6483.71
15284,5260.43
69952,5015.96
37761,4035.03
13365,4108.63
17218,9672.09
37397,7559.38
67108,4615.87
66915,2203.57
36952,5114.76
26738,5419.85
13400,8515.13
49628,5275.14
22731,5181.82
29201,6372.42
48515,10421.17
54454,4165.83
17170,6038.11
39551,6702.47
9216,4080.69
38151,4723.12
46409,3898.87
67995,3862.46
37082,6880.23
33626,6282.82
30567,10403.37
37270,3334.80
8948,6260.35
30105,4836.94
58547,10374.49
19676,9028.53
13771,5482.77
59071,3480.69
58431,4493.08
39271,11967.92
61555,8009.29
59727,3984.96
2582,5041.80
15174,4968.22
55022,3142.43
11151,6303.08
34803,7957.06
16041,2300.49
61908,6845.68
10956,13617.25
2085,8231.92
47959,4703.86
70087,9479.00
58617,1051.49
27286,6212.12
37461,6313.24
53338,4944.29
28688,2003.52
70564,3039.26
41399,8010.86
33534,9019.44
35042,8138.88
50085,5095.28
67238,11144.71
44730,10483.20
47362,1507.53
48499,4685.89
61788,5077.36
28778,9172.19
9778,8314.61
9044,8744.70
24211,6016.10
18105,8398.19
40681,5840.05
30985,4218.02
51239,4514.80
40733,9075.23
69044,6895.52
5312,5032.91
55631,4115.28
23339,3406.68
12326,6683.60
61847,7058.99
53435,6656.35
39610,2066.65
32460,1641.40
417,4148.17
36645,7994.30
25237,6113.89
29363,6814.17
56987,10760.11
4279,5950.28
47082,10079.78
11124,5882.46
48361,7477.11
9828,8173.33
18969,2518.92
36561,7175.41
19222,7242.92
28644,4961.43
39407,6390.12
57482,5387.84
42547,7167.00
30179,9875.97
68750,5868.51
61378,7979.23
47500,7773.59
28236,10682.56
48440,6039.89
63309,10111.27
63802,5657.39
51036,5335.36
18284,5235.74
63906,4485.78
19403,9976.52
56473,1038.00
67452,7799.06
14178,5759.59
40562,1196.78
26812,10856.01
37999,10963.18
51144,10257.28
52980,2427.31
26171,7772.01
752,3016.65
33409,12082.06
70677,4519.01
58669,3741.29
30413,7209.88
22968,8191.03
70112,9350.13
11511,7134.08
46899,3431.10
3650,3203.21
39090,5283.08
37019,9692.06
65925,5698.92
55311,5574.61
49743,2903.89
6817,8151.73
38944,8686.22
65766,4789.69
69778,7590.77
57772,8510.88
49437,7982.95
26211,3456.23
9218,8011.73
40504,3554.40
58526,3798.28
14405,1111.74
69534,8954.91
64455,5607.77
5093,5856.38
29816,2663.35
21179,7572.03
45663,7178.51
1787,4264.43
61942,7608.66
18512,6639.71
33372,7113.11
47184,9576.02
67913,9815.39
33652,7376.73
58678,8672.61
7018,9691.97
53991,3303.23
46081,7098.92
48853,3935.63
21441,3985.56
57605,13942.97
35724,7377.59
60408,3621.53
25237,3562.89
631,9917.77
55670,6923.53
49954,9616.06
65699,5040.01
60527,3212.97
43076,3470.90
26419,6794.24
5663,7438.15
61352,3177.26
66543,3453.27
41139,6887.33
30919,2712.97
9585,12971.66
16399,6614.20
4330,9756.29
15581,8874.51
46839,7747.97
63115,6451.36
68992,9260.71
52905,5946.45
60725,10390.12
47257,7215.68
20039,1226.88
40536,3000.97
7287,6799.66
3870,4293.12
22194,7484.25
49886,5025.45
3882,5862.41
15324,1610.15
67778,8503.85
3929,5104.24
59858,7978.81
41485,4125.57
21108,2254.71
27176,7003.07
47663,4151.05
5522,8807.05
5174,4428.57
65964,5558.64
69796,5744.94
38404,1767.19
27446,5811.52
48278,9425.98
39870,8897.56
68046,8588.99
37360,3105.85
31900,6364.14
2334,7085.42
68264,6003.67
51190,9776.94
29582,2462.05
45580,3275.56
7231,6935.21
31081,6176.88
65224,5381.98
61545,6687.28
53706,11552.31
49734,4043.52
4804,1701.83
54115,5860.19
2312,8242.43
26015,8422.94
58111,6456.62
64447,6142.67
18958,2623.62
6821,7694.96
21274,12951.14
33628,4822.18
18767,10982.71
41922,4748.62
60407,8171.36
61750,6956.47
53604,5886.40
12249,6814.51
23121,9072.46
16169,3088.82
31641,7921.09
48443,5691.78
51321,6776.11
57667,11983.87
61131,4229.29
21178,4243.25
6232,4785.26
27539,10750.08
60726,9155.68
42152,2470.52
38274,10934.40
5905,5023.22
61705,3084.89
50514,7111.66
43984,7213.13
61457,4047.26
62428,3328.66
14470,2402.89
26930,7646.40
19423,8726.67
29129,7031.01
31020,4419.83
26894,4764.97
1921,11354.76
56318,7096.21
67542,3488.84
39903,6566.43
37777,8560.88
38038,7238.49
60719,4680.77
35976,6618.21
47090,7742.54
48338,6459.05
68775,7384.30
42995,7435.71
26701,9161.44
30768,5400.23
10187,4042.73
4923,10777.58
56924,5311.51
2208,4740.08
53003,5843.21
69950,5109.41
67134,3992.78
24757,9724.16
49020,7185.95
13395,10782.07
53587,3769.57
12648,3432.06
8883,5131.42
60393,4955.32
13644,7739.51
26803,4482.66
42928,8233.12
10467,8929.00
42248,8056.52
42260,10215.52
27619,8797.91
11451,3146.19
23601,4546.97
15740,8108.98
19494,5410.98
42231,7005.05
63553,4077.44
69132,3245.20
10719,4614.75
47862,14227.87
42621,6437.54
47051,4573.09
40751,3637.32
69240,9913.20
66413,5832.58
8421,2264.60
64247,10448.31
16800,7456.95
31829,5557.66
7171,3079.33
51055,9919.26
1504,10182.39
24895,5936.62
68001,2348.14
24902,6943.31
34291,4132.47
11483,8294.65
36040,6468.53
67647,10135.58
25655,6127.68
24660,2503.28
58855,6221.36
51297,9646.81
36752,3053.22
35061,2922.72
51103,6334.23
4854,6705.55
36919,3491.55
66942,6821.61
69878,10862.51
17044,7366.46
53309,5129.61
11667,9739.38
49145,11962.59
27748,8902.47
40330,6791.07
66501,8850.23
53740,12732.13
13344,4769.82
24007,5722.52
39123,4355.58
23862,6404.48
39924,7186.65
9206,2311.89
58326,6704.91
5553,4256.41
7277,1803.87
17610,3683.84
38963,1546.40
27279,9968.42
3796,8947.28
13375,6452.30
54711,7045.66
44141,4023.58
14498,3290.54
21052,3961.27
60196,3534.33
28103,4340.25
38958,6340.37
42456,7727.37
56025,3092.68
67306,4493.54
68466,4260.25
53322,6512.51
69414,3849.90
33986,3750.68
3186,9467.25
64627,3805.46
56793,5909.39
42988,4704.54
56979,6547.19
39284,9454.38
50599,6787.70
57466,5261.45
55468,5505.38
66434,2853.79
35696,3148.50
41447,3888.84
57672,8114.47
19105,6637.92
28397,5717.85
21212,2435.52
18153,11130.42
65508,4354.26
41165,10755.48
5174,10565.73
53334,10631.12
9952,10702.98
53678,9315.63
30444,10266.79
21099,6411.75
52923,7442.68
57823,9039.35
6160,4443.25
42025,6914.18
55056,9554.70
68640,7407.85
38618,1483.94
58899,9576.62
56610,1964.44
20525,4273.75
6878,7826.55
32173,3021.84
32317,5248.84
29419,3970.93
61465,4749.53
39793,9998.95
67972,5195.62
14458,9075.22
69727,11074.03
22011,8914.33
141,7879.30
34601,9485.48
46763,4280.05
41459,5267.48
120,6036.27
44676,3382.85
8745,11534.91
3101,2652.21
1916,7360.77
64736,2926.63
50924,3166.56
53903,6010.06
4141,8347.42
10527,6416.28
62150,8799.27
59084,4214.46
23985,5001.44
956,3898.31
44891,7346.42
37994,7679.52
10902,1581.38
7896,5456.78
44204,8190.50
58566,6618.58
35154,7514.31
49781,6302.51
6126,2069.96
45790,4902.04
59892,11303.47
33721,8315.61
55306,2962.76
11287,1623.28
44021,12390.98
45600,7634.24
41254,8424.93
25232,7792.83
43378,3194.87
42360,4776.76
62409,7761.05
34284,4927.12
67006,6133.99
69082,5282.84
49145,4527.57
25457,2328.81
55022,6079.88
48001,3270.59
7750,1261.41
56897,8843.89
29336,1855.07
15347,14508.44
69882,3158.16
3116,6502.02
19498,10045.87
38935,7802.28
16427,6115.77
13152,3535.26
52393,4097.60
34571,5271.80
44878,5563.85
44551,5707.14
3799,2860.88
41741,10175.97
69198,9262.00
63621,4539.21
22229,10446.03
28587,8545.87
33521,9768.23
13710,7463.90
47868,7554.91
65356,5754.88
27010,8964.89
38124,9420.20
32427,8479.26
30624,6870.49
60789,6516.60
39680,5915.74
31867,5973.32
20408,7494.66
40100,2631.28
181,3224.51
1652,7237.33
51215,4564.49
36981,2717.00
40399,5112.40
8475,7084.23
67071,6953.59
4764,5887.42
8350,5878.79
8670,4671.48
49887,5361.82
37364,9456.37
437,3138.38
7532,6029.09
1463,8520.90
30347,2722.53
37629,5496.10
22441,6439.17
40222,1954.54
47307,3640.69
16918,2624.02
38761,6787.67
37527,6924.84
30307,9174.15
28952,11885.07
30496,7024.04
41130,8068.14
3912,6098.81
19011,4618.78
69257,9031.01
9764,6185.07
13804,8349.29
70698,2818.57
31833,8129.12
45385,4126.51
58349,3926.98
35631,2939.47
24736,6239.37
56225,5028.96
15798,3897.22
50876,5531.11
59382,4661.85
51510,6817.46
10445,7660.54
52879,12562.22
14534,4358.48
60933,5202.41
61102,9948.86
47604,3834.43
60964,4659.14
45300,8612.39
62309,5079.00
59941,7333.67
67617,9331.03
12300,3932.98
29858,7053.51
53370,2657.27
9433,3335.24
30089,11661.74
22541,7063.04
22442,6938.57
51745,3991.42
38498,1162.30
40657,6465.75
63958,3137.82
2807,9409.03
23483,4251.72
177,8420.05
37703,1437.22
3850,4485.47
30823,9846.30
55355,5426.51
22127,5550.90
24444,7357.02
64966,6039.53
35986,7691.63
62809,4956.45
24664,2895.20
30604,6835.48
28588,8418.61
35155,3097.21
37525,6913.17
25902,9513.95
8930,5779.65
661,3626.66
10835,4807.38
7962,3398.48
47373,2812.99
35038,8451.04
63110,2027.45
34351,4402.51
66365,4013.95
42987,6284.41
10842,7278.32
45571,7486.59
64890,3769.05
57146,5074.24
67001,4992.96
18649,9345.71
1399,6686.48
23080,2644.38
28556,5741.27
44850,2087.43
21114,7006.11
50503,5963.12
12854,3874.62
3426,4508.73
54811,6794.11
64174,2816.07
38943,3338.77
21225,1722.44
15430,6599.33
64016,9522.23
35016,11897.60
50626,8628.38
49446,7834.59
1520,8309.36
5554,4329.56
23208,3143.57
33801,10955.60
23010,5773.15
7098,6731.39
29947,9282.19
29660,4457.77
30956,3663.09
45382,9977.79
30824,6031.00
716,7458.88
55838,3500.43
66590,10571.92
47444,3639.30
8520,8524.40
37554,6992.41
11996,4473.96
55209,3138.71
23870,8843.19
6115,5927.54
952,6994.27
65546,1805.76
34461,11574.27
29411,6113.34
17572,9965.35
23261,8366.26
54248,3090.34
20855,7783.20
10417,4296.76
48075,6012.44
17725,5672.37
59595,6030.68
62736,9628.39
55101,5518.90
50831,6551.07
2753,7289.98
58753,8135.77
40846,8600.52
50036,6182.44
7005,5920.47
21011,6592.22
7256,3927.86
59701,3366.13
54625,6647.78
16383,5486.90
34962,6591.09
37954,1532.59
45789,14323.75
59116,9635.63
36631,11086.02
40669,5297.18
54241,6086.56
32515,6164.26
27419,3871.73
50391,6742.43
29165,1520.86
51603,5955.86
15287,8567.73
66421,8504.11
61534,6802.69
56109,3104.01
8914,7700.85
30514,8888.85
56571,3427.13
33098,12331.56
7124,9273.18
29767,6105.87
20922,9133.72
54616,4876.25
6713,10183.72
2620,3664.57
67916,5817.91
33774,6153.32
53689,6539.86
6219,7801.26
48275,6311.70
8591,7702.38
49695,8494.80
63599,5196.71
7327,7123.26
19940,5774.17
44141,4119.09
65164,6215.00
60215,6389.93
45100,3772.29
360,8770.38
12864,5351.35
7669,3884.08
25258,6458.79
52649,8536.87
19366,6842.20
28282,3301.29
56062,7741.83
8837,3898.33
25403,5562.84
52618,7135.87
27045,13657.37
26382,6496.70
25995,4137.83
40161,4920.25
28364,12772.26
51118,10980.29
14692,1787.60
2740,5782.00
17367,9181.99
23409,6131.74
49098,11285.49
36619,8079.04
46295,10293.31
67244,8082.12
60944,11876.82
17799,7465.34
67591,8324.26
16221,4841.95
38419,7270.02
22185,3101.78
22463,5421.98
69172,9446.99
28006,8560.84
70062,3600.19
2263,2188.17
3712,5079.03
34392,9889.45
61894,4791.24
14441,2012.83
3093,4088.90
4309,7014.81
50431,7278.62
67123,5974.66
15725,8461.40
38051,11173.88
32451,8231.32
41379,4299.64
42521,2694.82
61642,4368.74
44199,12014.82
32932,5647.76
45207,4692.55
60428,6103.21
44829,6192.80
23719,2308.86
3806,8217.18
12894,8836.25
11735,4117.84
23658,3952.10
50536,5482.86
38869,5615.86
32882,1491.33
58747,6132.81
28201,1881.92
43464,7432.72
35674,8152.57
14955,4230.83
7932,9270.03
60558,4433.03
527,1801.21
42706,4672.97
17492,3023.98
60181,4055.59
21776,11985.40
59785,8567.33
49139,2879.42
39889,1551.25
16903,6646.61
55388,4049.32
55156,4067.92
3723,7464.25
16907,5982.45
15788,11005.16
30944,4426.16
6155,1582.25
61144,9214.57
15826,4620.54
62714,8175.76
41409,5096.91
40543,4248.23
69428,5265.82
33591,8064.02
17268,9518.97
24296,3388.64
55092,8325.86
39372,11127.96
6810,1824.11
36404,4678.38
33282,7569.42
50088,8717.61
4001,8675.73
26894,6343.86
52787,4060.06
56984,8694.96
1251,6026.98
67937,3125.09
38802,6407.72
27213,7078.07
10403,10438.40
50849,5637.62
27054,12182.75
7012,10793.32
63508,6620.00
42598,4861.29
53416,3601.67
29658,6386.79
9864,7421.62
5274,11000.64
62424,6612.71
45505,8217.36
1050,10136.18
63423,6538.13
12328,2487.89
40175,1407.27
17070,6733.40
67,7120.58
42363,4514.49
43895,2265.80
70586,3505.84
54424,4331.27
70444,3604.97
60878,9724.99
41477,8170.50
25568,5827.90
27450,4435.21
13903,2497.42
14458,7191.03
20084,4564.38
56084,4995.89
34351,5910.80
45691,7664.02
31685,1732.81
46815,9475.37
43135,10170.73
18098,2364.58
51152,4822.75
31480,8694.43
52920,9069.28
20696,9460.74
57266,8916.30
45115,3864.22
19353,6528.29
19379,8149.83
67711,2389.48
8332,6550.58
46214,6199.91
9980,7754.87
21008,10490.89
67134,9336.72
12876,5970.89
69661,2113.41
31931,9756.84
28807,5189.59
59926,7070.52
41560,7939.97
11460,6454.57
12786,4051.83
50704,8832.57
15826,5431.33
51438,4894.11
37635,1926.56
43046,6929.41
16731,5422.13
271,8101.13
7803,6287.57
61103,9873.78
60439,2592.08
22533,8533.41
59287,2525.14
53685,6367.73
68500,4662.22
65308,3158.13
32309,7917.59
36378,5580.45
9546,12353.77
56792,5724.02
51904,8207.34
48935,9279.91
44588,9593.46
64567,1061.51
13192,4188.29
14838,3784.25
57062,2636.85
36883,6672.82
46653,3708.77
33552,3786.54
68813,12970.27
10415,4323.87
19630,3214.98
22244,4226.26
30637,12959.43
68153,11670.16
51043,6251.86
8823,2252.47
51569,9732.13
9366,9862.30
32044,7831.79
12187,11612.18
63597,7299.88
32643,3960.38
1077,2789.41
21612,4222.91
57093,1258.69
3554,3070.34
65533,7076.47
12787,3662.99
20642,12199.61
62919,11129.21
40916,7968.71
66297,4560.84
34420,2845.09
13684,5716.36
6023,4203.04
63039,3467.61
54200,6544.90
37446,9786.08
31912,5997.90
6559,2718.49
28040,9716.08
69956,8252.38
25819,5673.30
42794,5518.39
7192,6867.19
11088,7943.78
52027,5051.17
69429,10139.83
32089,10550.36
29321,9320.63
48201,14767.69
12603,3304.40
62026,5515.57
63040,6788.76
47737,9983.17
67446,2343.38
69387,6052.21
27981,9408.71
964,4745.60
3486,7525.63
45882,5651.73
38092,2562.31
70489,6905.76
26093,11169.93
64667,8820.97
50220,3639.08
69836,1412.24
8596,8036.90
6712,3785.88
25135,6064.35
6409,5362.32
34516,4420.07
41149,3625.66
68625,9166.35
11855,2587.47
30917,7924.92
3681,5980.10
20991,9367.58
10244,7221.17
69696,8372.93
38858,9113.45
29350,5937.86
4028,3800.60
59103,6321.61
30178,4709.62
66353,8353.96
54082,12019.79
6658,4229.27
62664,1795.97
15241,10811.91
23883,6740.84
36619,3550.41
63338,2631.80
46285,7657.81
22118,7205.39
430,11875.02
43274,3152.45
48973,8572.46
38032,7793.83
18173,3984.21
40937,6906.51
14029,6169.28
55265,7176.89
5309,6392.80
26823,4614.85
28931,5327.32
40694,3385.95
66799,6518.60
8702,5123.05
8454,3491.06
66046,2226.74
16778,2932.51
1804,1762.80
13492,6048.83
60964,5002.41
18710,4681.57
35702,3272.55
39307,5571.73
13084,1841.05
36257,1645.72
55921,9127.14
17527,5178.32
48163,6220.68
48869,3990.10
43047,5964.43
1866,8280.02
25502,7069.13
2749,7920.69
29669,4534.13
9775,5923.94
8372,7902.84
58521,7184.92
30461,2880.57
16536,10934.66
2404,4458.33
56469,9095.04
40357,7754.23
69188,9030.84
38813,2173.55
51901,6779.33
12669,9319.48
64203,3518.98
69812,6329.07
7795,6707.24
48046,7851.20
33971,4868.24
11619,6253.61
3119,6790.73
68141,7488.23
1114,4986.77
23538,4309.25
49925,6015.42
11711,7829.18
42995,6571.26
36832,7675.12
52498,9258.12
15749,7111.69
22530,9076.98
7128,4933.61
38192,6029.07
3241,9881.71
48373,8983.06
38021,10335.66
32932,5401.24
2209,4106.02
5985,8736.59
60105,2983.36
12703,5383.51
46848,1715.56
69315,4366.34
24309,9593.86
29781,7179.49
64828,3780.52
47434,2925.60
1173,7183.03
45006,3037.00
25554,8021.37
13912,3791.87
20054,3493.17
30758,6149.59
28932,2338.62
64933,5651.49
16120,5907.85
27621,5302.11
40653,6049.32
19125,1933.15
42720,3567.10
4277,7015.48
516,7062.84
9609,2951.41
2929,13076.96
13822,9356.03
50082,1984.30
56307,9779.37
42424,3583.17
69770,5793.23
35167,8454.43
29173,6803.26
4820,6195.93
40195,7651.88
41537,5680.34
2289,9707.03
68176,4756.20
2469,3778.14
25328,7435.35
40443,4234.03
15108,7907.41
20252,3898.76
12966,3817.09
30987,3187.47
33824,5092.15
20958,10637.15
42111,6869.18
52129,7840.30
23467,5569.20
27267,10575.35
45518,9750.65
61750,2517.18
39962,8916.73
4026,5460.77
52131,7339.25
68866,8150.06
11260,7228.50
14856,2382.74
40505,3641.68
37041,11921.13
41655,3055.34
24472,8496.25
31644,6584.71
30200,9074.98
13439,4363.94
21620,4637.85
60737,1299.07
31743,6551.18
6108,10673.60
32933,11695.45
31848,3625.36
38172,5547.59
5854,9649.09
43146,6144.79
35888,3390.35
37597,6491.08
40411,4231.94
34410,5172.65
54023,9014.44
21918,5786.17
53685,9758.88
56898,8650.64
48312,4263.26
39056,2164.33
35487,6393.06
31213,1770.91
24499,11109.85
36095,5067.67
48698,4641.30
39627,4247.64
60255,9306.06
54378,2026.53
20269,1673.11
60365,2024.77
32459,11030.29
14859,4006.41
16703,2579.06
9678,2606.82
42277,6448.44
39720,4821.48
1778,7018.48
18013,6124.02
23770,9570.16
4263,4820.19
16067,6989.73
57394,4193.78
50519,3137.35
45405,4144.85
51417,1367.09
33658,10567.23
12107,8782.99
28619,6665.98
50659,8022.65
20629,15959.79
51566,7479.60
5778,5170.40
8744,6851.89
69231,5770.02
50495,5849.89
68192,1793.52
29123,3077.56
24513,7708.08
23165,4037.06
3444,7484.90
61930,13377.04
19840,7351.31
16451,6054.40
40835,3005.92
37951,5796.08
53535,8148.88
25256,12684.46
52769,11827.05
11295,10748.86
38007,7812.46
49664,2417.50
56496,9722.72
59275,5627.38
7907,2606.22
7167,7506.32
28471,2714.98
60419,4359.28
29589,8611.01
51795,10519.78
57311,4788.88
8400,2517.85
4232,9584.26
2213,5957.03
50567,10179.02
41133,11083.83
20284,4826.20
25494,11726.69
70604,7164.73
10746,7642.14
49311,5404.92
39976,4696.75
45094,4732.29
18920,6885.31
37588,2783.57
60837,5383.16
13731,10617.99
60130,8833.54
31103,8771.09
53047,7633.30
37399,7761.53
45840,6823.17
13693,7777.41
1862,10618.70
33305,6729.88
11094,6872.38
21275,4295.23
8075,1359.95
58443,1163.31
35741,6416.65
30267,10104.56
46757,1586.83
65120,5056.33
40461,10699.25
31163,9930.77
51006,3982.91
60621,3604.65
66553,11940.99
52489,4710.79
14661,4896.76
65430,4291.45
68110,2223.51
57627,4065.93
28375,3290.29
24663,3549.93
58313,7661.87
44209,6465.39
4212,2591.21
29048,5233.35
14029,9280.21
51438,5401.48
59389,11118.75
45737,2583.33
44037,11763.12
32909,9442.13
45395,6718.81
49552,6858.69
3666,10395.34
17461,6544.61
46489,5777.26
47185,7625.89
5156,9845.91
34924,11511.44
56525,7769.26
39572,4156.23
70524,8161.07
42512,11147.95
39477,2199.90
35279,5381.48
19693,7290.41
31119,7044.51
11516,10130.23
38354,3188.52
65393,3708.15
10560,3750.79
782,7081.25
52248,5603.67
15242,4637.43
14181,5924.88
186,7789.01
68709,7345.53
32708,5296.20
10085,3130.96
42526,11804.55
68868,4491.88
42967,2526.97
39575,6676.72
39476,6863.69
62213,3751.22
56255,7341.24
12893,10046.83
5551,11197.35
4008,6850.67
39470,7203.88
51463,9708.00
45160,4374.15
30156,7399.78
17106,6725.20
36467,4783.04
68462,4264.36
59790,2600.13
753,11915.28
5511,7116.26
27944,5467.66
1105,4278.78
15404,2887.64
34618,3710.36
30451,10911.44
47662,7725.94
5652,9107.16
31509,5045.45
45377,7705.96
22378,7517.63
48817,7189.94
59843,6805.02
29763,7942.13
22221,5945.40
1812,6385.92
51678,7958.08
60164,7812.03
55666,10707.07
55778,7182.78
67351,10674.02
27242,5994.51
16139,5488.05
27080,5574.42
39241,6640.02
46237,5786.32
28424,7246.00
62048,5867.90
46110,7153.40
48101,7475.69
29204,8137.52
25816,4966.40
59266,4185.02
5516,6139.87
19919,1232.45
44006,8093.82
29247,6537.83
61872,4855.32
63764,5913.42
52998,7819.09
17467,1674.13
2991,6581.82
57623,6604.98
70285,9972.51
39744,5888.32
43152,6307.34
51176,7806.33
64245,5931.00
1253,3955.95
50424,10012.81
38120,2338.44
38588,4290.66
659,8733.49
55985,8844.61
28609,8123.97
4132,9315.31
70279,8576.83
39964,7609.81
23840,9739.69
25862,7213.37
32617,7567.03
44297,9369.89
14717,2906.93
59147,1755.77
18215,6135.89
52444,6187.20
2560,5159.86
36863,10841.28
33414,10481.85
21113,4334.29
15656,4283.10
8857,10293.47
60247,5056.05
51286,6588.85
10276,3183.47
70367,1900.67
17255,2384.94
60367,8753.65
45461,4317.31
45642,9131.06
66766,9347.79
36282,6091.32
43140,4627.26
21087,5261.55
21577,3739.32
11300,9970.18
2052,7216.36
38341,7226.91
62458,8264.75
5174,7039.56
9616,3320.08
8593,7253.89
65275,8330.83
34090,5865.16
8783,2532.13
55823,9329.53
27803,8641.03
37499,2162.02
56710,2350.10
33311,8698.31
19840,5357.81
44641,5137.37
5371,9154.64
67045,6010.50
22685,3842.79
69922,9342.38
49975,6779.94
3341,6232.66
9796,10053.03
24367,7849.31
55060,3534.93
47144,8058.26
47172,5603.08
51533,9219.96
62894,6167.44
37371,4858.77
67962,2118.87
26314,5857.92
11295,6449.23
35591,5573.78
50596,7942.10
15801,7740.32
65753,4642.76
30818,7344.25
62324,5449.59
57288,6395.09
26706,2644.24
30185,1685.74
47664,10028.79
37331,6535.29
6632,5903.56
54140,8088.50
23810,5404.46
27552,2782.39
61983,3335.12
62191,6131.51
69905,2265.01
42600,6860.18
44705,4224.98
47822,6221.32
25757,6011.62
42147,5368.47
39933,6050.73
61672,6102.56
23336,7656.96
36920,9700.99
29184,3407.17
18275,6428.66
15046,6309.21
51290,8486.01
38980,5305.15
57979,7030.08
30255,7065.10
39898,8901.17
68393,8084.80
15457,4622.50
39175,4105.70
47139,5166.20
48991,7392.12
66205,13826.36
26384,9934.82
68188,4781.69
48136,11506.32
36256,5147.93
21514,7683.12
62075,6509.66
70354,4811.31
39271,7840.90
34809,8962.30
12294,6145.67
22927,4476.20
51369,4062.49
35362,5370.97
66735,7379.19
60659,6098.54
22108,6295.68
29243,4566.71
16881,3102.53
22269,11838.73
23604,7323.64
29525,2169.69
44353,2707.97
59898,6167.88
49893,4562.07
13716,1139.60
7407,5625.01
58496,3896.54
45621,9070.10
29082,4301.00
37661,3412.46
43241,3938.81
18797,6685.81
18021,8614.73
6735,5585.19
43322,6850.22
60804,3622.75
69305,3877.34
8413,7793.28
34367,8865.32
44778,3541.06
34717,10464.12
24294,3283.65
26079,5563.83
34266,10653.29
49957,1563.89
53400,5104.91
46131,7004.83
9251,1825.16
4881,6439.61
20790,5954.17
60551,1120.30
6919,5968.53
61431,3928.99
13539,5407.72
9402,8129.95
24145,7259.01
44443,1628.48
60133,3453.62
51475,3963.70
42696,5303.72
14436,8566.58
44783,5394.90
58294,7973.87
522,5241.73
23595,8110.06
69210,5323.29
19271,3005.66
2211,2744.24
8082,3882.51
25847,3414.95
44363,7622.53
66490,2884.16
51486,3200.08
9159,6211.01
3545,2180.96
4472,1578.38
8298,6952.13
61290,7044.86
19137,3688.86
43155,8151.92
28926,11448.67
59520,10258.93
15823,4888.19
28570,4669.94
19872,11151.62
34942,1573.20
70461,7548.72
48926,8191.91
24174,1030.79
37475,5704.22
629,9553.47
69869,9574.43
4141,8041.36
53468,2403.55
46061,1909.48
23848,9456.14
18447,11927.94
24259,9496.96
1564,10176.00
37684,4493.04
6636,7639.92
59216,9325.45
44404,3978.90
63899,1137.99
42174,8035.65
8395,2487.65
49665,1022.53
25543,5295.78
15269,10728.36
46075,2027.13
18167,9932.02
11735,6177.52
45911,7736.40
52582,4741.83
40842,8669.08
23483,5616.37
38451,8196.56
50264,7342.25
2763,3958.03
49413,3375.26
60522,9834.06
14045,9973.64
60557,7551.98
51244,4926.45
44421,5248.35
61787,3468.21
44643,10233.17
67490,2713.95
36609,2695.40
27742,5288.67
68669,8417.58
54806,10863.49
40789,6827.58
1308,7940.20
67013,7462.39
36210,6570.56
63064,8938.41
69365,4149.50
18917,10566.38
4000,14596.23
42346,5126.09
62831,6293.34
8615,9355.59
49319,7378.40
68760,7695.88
53012,7659.56
39514,2337.00
22417,6473.16
51349,6943.17
39775,3538.58
23249,8142.56
37488,8844.11
30745,5810.17
41938,12534.40
23210,8674.06
70125,5083.10
30121,8530.17
60051,6974.00
64810,6528.65
46719,6015.11
12009,5869.20
15620,11175.74
29620,7793.58
60532,6292.36
28605,4491.97
41768,7415.66
29771,8815.27
60043,2358.11
18405,5082.55
34633,5344.14
2306,12267.99
49299,7194.68
43611,8231.01
40710,9714.58
23853,6622.69
65563,3168.42
16792,3993.41
1063,3487.83
52582,3362.09
57755,4634.82
814,2635.46
5242,6698.41
20700,4207.73
33937,5088.67
5301,5879.56
47655,1474.30
55408,3277.82
13601,3493.45
3979,11177.98
18436,8683.86
68147,5988.05
12030,6613.49
47011,3539.54
52344,5564.80
34959,7008.84
27242,5323.74
29547,2090.53
18602,10447.90
55555,5664.31
31159,3325.25
5187,10721.73
41820,4726.87
47478,4447.60
28596,6492.44
51432,2578.52
13599,3542.91
66133,10465.49
58821,8501.35
42326,6071.64
44663,7170.70
1139,4462.68
11656,4836.84
25452,6318.52
52308,5745.72
27136,2770.28
5862,4231.24
21444,1738.48
55937,5542.58
28314,6834.58
59440,5845.60
67597,7587.93
35545,10577.02
43350,6603.70
13317,2145.37
22557,8955.50
53911,3191.68
31852,5048.40
14052,1284.17
45052,4854.29
50830,3945.22
22966,8699.19
51563,3553.63
29797,8363.12
44447,6356.84
3545,7998.73
67988,3018.44
11497,4856.22
5053,8602.06
61009,9564.76
49951,7455.32
19796,3114.83
5611,1937.02
66438,2191.46
68675,1143.96
49702,6799.50
35145,4755.35
39976,8180.03
66297,4043.07
15371,7532.33
25694,7416.38
32053,5432.43
38492,8313.65
10912,4391.45
62102,4328.02
17601,9689.20
62489,6333.78
40995,2868.07
31349,8994.10
40474,7123.13
5827,5138.03
35730,6769.60
52327,7875.06
26504,5668.40
5164,6701.76
46626,1094.26
70098,4755.88
33557,5949.35
11552,6765.18
47232,8440.97
60151,6570.46
21892,12077.01
42614,2638.98
2624,8211.98
8682,5189.90
8185,5953.50
55415,6750.39
16372,8153.13
21444,8507.35
63698,8656.16
35499,4433.95
5673,9697.96
15362,4012.74
66155,6971.62
49825,5275.41
6629,2761.41
56717,6124.28
17420,3585.92
50768,3219.44
29412,8533.72
4555,6181.90
47060,7725.54
25570,4197.36
32557,11237.10
13859,8258.18
22535,7538.78
15106,2808.61
44731,9156.01
31429,4276.02
60798,10853.78
68984,7100.71
51460,4767.63
62757,5907.04
5480,3004.00
8240,8262.29
9622,7620.22
1688,6207.58
295,7998.09
25966,6755.92
42484,4948.14
16673,7339.75
28482,7845.82
23309,9671.60
40139,10011.15
51777,6375.13
59395,8910.46
21442,7620.83
40406,3192.19
48115,7481.43
41007,6151.93
30618,4746.64
13939,4366.33
19006,7007.66
3012,3499.50
22746,5207.28
49905,3472.52
68321,5650.69
38050,5977.17
47251,6515.37
16050,6311.56
23420,8787.82
42096,1211.30
27890,3896.41
52417,3236.64
68435,3451.09
38123,6545.42
43787,4120.90
4571,8283.92
32299,3773.66
46553,4143.24
60273,5674.26
6119,7460.12
9196,8640.47
11386,4739.49
62068,4171.18
34411,5308.18
56286,9867.00
15060,4337.00
48188,4243.04
29830,13761.38
27692,9310.25
41172,8420.63
26378,8158.45
42476,9398.05
51299,4443.32
59744,6603.54
3804,5700.49
27435,5687.24
38257,2663.54
32113,5449.21
1602,4878.39
61259,7655.45
405,6073.54
26435,6829.72
37374,9211.58
32991,4535.30
53643,6097.18
24038,9687.22
51604,11651.74
47682,5763.66
1698,7965.68
34646,5034.69
34750,11497.49
65405,2214.65
5898,3865.38
69938,11168.25
61651,9531.03
1543,10316.84
8276,8002.25
34198,12662.05
37703,9000.30
44494,6830.79
66155,7308.33
30245,7711.32
42972,8687.22
13453,10814.49
23709,6962.39
39638,4808.75
3872,6655.69
39685,7399.88
55774,11344.37
3955,2092.02
25912,2073.83
24267,5264.74
69276,6932.10
21962,6926.58
33194,7220.48
9491,6001.68
39425,4097.71
44702,7702.90
34128,4744.55
49973,4973.04
58952,4771.84
70564,3269.16
65536,1626.07
66553,4897.56
38414,6923.80
61065,6703.33
8432,6363.28
67885,2703.98
43466,7772.80
2755,7800.40
58400,6088.57
57618,7025.91
43021,11252.19
18819,5350.71
10255,1366.73
42720,11976.53
26072,3782.82
66520,7323.20
28417,5178.02
37362,9672.08
68386,7935.79
22015,5859.59
39499,5054.85
48896,5055.01
46699,7000.50
20778,4140.49
11742,7820.01
54832,9654.41
13825,1522.83
38436,6102.36
52487,11832.92
49050,5474.39
13674,7532.47
26011,2463.89
31759,7957.25
58001,9052.10
9829,1582.24
45604,11413.03
10903,12717.89
47538,2972.85
64664,10118.54
45683,5374.63
26208,2682.26
42203,8205.96
51816,4870.61
54048,8888.50
25817,5086.68
68005,10873.78
41883,3128.36
12114,4317.62
19562,7618.70
32067,3639.87
34245,3948.36
21303,7198.46
52247,9295.20
12135,1741.57
55592,3534.66
64319,6128.51
24421,7824.06
26562,9281.90
25145,6215.80
17720,3495.22
66806,4004.57
2842,8992.97
40818,1498.22
43383,2731.69
42505,7900.84
19150,10603.61
13408,10459.51
39019,10289.13
62175,3552.12
3760,5639.57
3803,6882.37
28294,7789.14
30205,7193.16
61006,3840.10
34206,5100.04
9631,1084.15
55877,6903.60
38541,9182.09
51411,6097.81
42967,3556.53
23813,7977.79
68852,7591.73
20987,7594.41
26881,6536.96
30330,7334.71
60554,4817.16
53565,3443.41
18598,6966.70
58354,7261.41
28939,5910.00
54312,9282.80
39377,2824.87
70557,3870.87
8645,6247.03
43420,9286.34
26976,7907.47
53408,9929.78
68785,6514.02
14535,9461.30
6163,8682.55
49809,9197.23
26410,3590.45
9059,7742.72
38618,5912.69
27142,10210.17
13577,6704.99
42692,7460.56
38785,4375.87
39647,5438.33
59681,8307.18
39080,3818.11
57883,2752.84
37445,6449.57
55227,10838.57
12070,1449.70
6887,4664.61
28160,6766.12
33719,4831.72
30473,10320.37
12666,3588.13
13402,5063.95
36930,6543.48
24995,3909.17
61349,3954.05
47830,4356.43
50884,1422.19
22708,3924.44
17867,11813.30
1805,5723.57
4524,6051.84
51236,6291.24
1136,4077.96
52496,2043.18
7271,6224.74
5790,1671.74
58262,5875.57
5416,5009.34
462,2565.18
14838,3568.99
998,5384.84
28022,9542.70
39313,6840.24
33296,2817.40
62058,3990.86
53653,5039.54
5852,6569.18
61321,10125.65
39695,8917.00
65576,11922.29
66555,6668.04
21071,9068.11
27021,3417.56
64878,8300.14
14483,2056.08
13341,4646.16
52224,9050.59
45289,3749.21
57838,6036.67
56040,5978.35
62682,5684.17
20570,1565.59
59314,3338.79
9994,7018.60
63496,11498.33
40012,4326.91
18646,3660.86
3179,5411.81
1775,6057.95
61307,12929.36
21970,7837.07
39157,8106.24
37092,4760.80
42900,3687.21
55290,7678.48
29970,6784.62
29382,4969.96
70259,10068.65
24529,4991.99
68051,8609.98
62983,4119.81
24207,2415.73
36613,4113.80
24541,3624.18
70149,8084.20
15519,2168.99
34806,2847.64
68014,7292.66
41976,7666.64
42319,1020.42
15246,4721.49
41612,4591.49
36762,7924.97
30646,6980.01
57628,7506.25
21652,5095.92
16514,9517.41
62931,7494.46
41682,5307.54
27461,10629.86
68871,6501.59
3085,6787.27
37280,8484.35
25117,6485.97
47091,3416.16
10770,3472.37
14094,7187.64
23338,6489.99
22418,7736.45
33769,10252.94
58921,7514.31
54314,4119.44
62654,7139.53
61652,3128.37
57150,6802.74
50797,2052.63
24150,7605.20
11943,2134.22
12496,6871.68
9098,6110.62
8523,5316.12
23291,5417.94
47394,10313.19
12897,8475.43
27465,3108.55
63310,7680.47
46288,8473.01
3917,10560.39
27858,2233.61
15416,9278.41
14344,6823.33
16479,3259.54
6753,6066.82
53492,6012.65
10430,4553.47
38438,7153.29
516,8276.37
61417,6398.94
63066,3499.28
14402,4580.56
31093,8541.66
54064,9391.44
61549,9633.49
62486,1158.37
18614,8526.93
50752,3937.46
19197,4421.30
19038,2957.48
44522,6788.64
58765,3061.89
46427,6974.67
42721,6531.56
52033,9040.08
29138,10617.40
48212,10798.80
15600,8373.14
9970,2657.90
24325,6859.52
54467,8502.24
21387,4168.14
38841,7409.46
44822,2371.01
794,7305.37
3498,7509.91
59849,6667.64
50492,8088.89
23618,9294.23
6397,5802.76
29969,6744.18
1992,7117.94
70604,3490.11
21985,7610.38
24034,7225.14
33460,4183.08
7084,5964.03
2002,6203.73
7859,2163.32
18219,2701.88
24368,7830.98
42150,6081.40
25234,4570.12
50404,8908.24
31741,4701.54
50720,9223.66
61999,2767.63
33964,2926.00
3455,6009.30
62177,6719.73
8395,3381.39
28559,5185.71
15199,7809.92
530,5710.67
15785,7504.76
63292,9970.99
21286,2866.74
29927,9333.32
68848,3111.11
24371,4673.43
32318,8517.19
23718,1910.15
49445,8117.28
25172,10949.35
7345,7428.11
49769,5458.59
45083,10634.58
20721,5471.13
69867,7646.79
58845,9984.58
56978,9946.69
741,2128.43
68185,4513.23
66746,9204.84
7223,6222.73
33013,9321.14
5571,8070.38
70602,8005.63
53988,7182.15
53628,4596.35
25256,9400.34
35132,5738.55
26182,1473.92
59296,6979.82
42838,11456.34
68335,13802.67
33764,7690.13
70323,1888.90
18194,7390.12
42105,4374.64
17102,4945.74
38741,1238.21
61813,6476.00
13062,7205.34
18173,3020.96
52016,11140.70
34530,4141.60
39539,1070.26
7789,4568.18
37789,9126.52
52494,4871.28
4012,7606.48
16561,12086.05
48901,11284.98
1309,5314.57
934,5828.44
48825,5059.79
14109,8499.22
11271,3562.57
26908,5116.95
68261,3948.71
33981,12170.75
48073,1312.48
19947,3916.10
62232,7923.38
15710,5853.93
53436,8350.57
60372,1428.50
36172,4617.42
23239,4735.48
52247,3642.58
13742,9232.72
8615,3149.90
3738,6795.01
62441,8283.44
30049,12246.35
55584,1668.24
36054,5155.10
29442,4180.92
62580,7714.37
43887,8407.65
57830,13603.50
58921,5394.98
48458,6425.66
22177,9088.46
7519,3221.79
35767,4762.69
15466,7253.72
47750,2484.45
60864,8095.53
13259,2300.23
5894,6945.67
29583,8289.83
24565,7533.55
674,4959.31
7392,6792.68
45575,12148.01
65044,3525.64
68018,6356.42
34956,10088.03
11704,7133.95
17980,5460.19
43045,7263.35
68553,7382.23
12035,3854.61
22397,4489.16
10637,5996.30
23695,4096.83
68640,11464.30
61573,10443.89
25016,3102.79
50985,9156.83
869,10561.69
56361,2861.47
35910,7915.57
23152,10729.95
52788,4674.91
22415,5342.09
36694,1912.28
7020,12910.76
27994,8884.73
3792,13028.63
54531,4802.85
23110,7386.92
70264,4652.43
26586,8293.84
59837,2344.95
23990,11961.59
46915,8274.03
63158,5634.10
57975,10543.78
58394,8928.62
50382,8809.59
45687,8329.93
4802,7801.62
49870,3915.76
21091,2940.07
1662,4929.07
30466,8756.97
5164,5719.54
61140,9157.38
40218,6011.75
27535,6576.48
52865,4040.52
58053,5402.91
3467,5650.02
50588,7607.98
54496,8347.15
70628,6367.25
55737,4699.60
14018,6686.08
31050,6307.96
24622,3337.10
29102,4242.19
60548,5410.26
38550,4471.33
51587,6367.04
31913,5743.37
35801,4377.63
28465,7641.59
10922,3856.22
49814,7334.67
57844,11691.81
32825,8085.80
45816,7017.33
6750,8134.35
3092,10650.13
3473,12031.33
70516,12663.25
9810,6498.82
23263,1273.96
65538,8422.97
46763,4477.53
42693,6051.87
26640,1506.12
43336,4419.04
42045,14192.77
20870,3018.63
45446,1946.67
11992,13306.71
58417,5703.81
32346,1500.30
1288,3406.57
29432,6962.08
54177,5897.67
25278,8579.46
52847,7378.65
1692,1681.83
26003,4963.03
33065,10335.04
2052,3949.34
10747,2582.57
67338,2343.73
39536,5657.68
16444,7084.67
43017,6854.72
45035,7198.34
16376,7192.26
36483,4450.61
58243,2630.21
33651,10270.83
41462,9610.02
52201,6541.09
44214,5396.23
8817,3782.67
11418,5018.20
49437,6211.75
2258,2982.76
438,8803.17
46658,4649.89
56227,6087.23
58775,2560.45
29663,7448.18
64062,3611.20
44123,3556.98
27326,6126.36
38595,6797.24
49038,2857.72
39482,3123.57
20679,6093.32
3266,5563.11
62825,8032.76
43436,6268.61
16227,6527.93
12063,11745.51
63177,5949.05
4653,4308.40
19302,7209.07
37350,3449.37
13305,4125.10
28784,8877.89
44171,6214.75
6133,10040.30
60630,10778.57
45503,8691.32
22246,6155.68
425,8353.02
60215,4650.49
54307,8258.27
7649,11249.14
70492,1355.69
37305,4296.40
44202,10532.67
22567,9318.37
54569,6581.98
63363,4833.29
25367,11465.13
20590,2689.73
5294,3268.16
36072,3295.09
18516,9878.39
26538,4396.38
2885,8356.96
49895,2457.30
5931,8785.04
54103,3276.08
23176,9516.15
41329,1788.44
6565,5554.15
4495,9507.75
60833,9844.83
56106,6670.83
22297,9134.06
28106,6319.78
9229,4775.92
31207,5374.63
67410,5439.73
28688,9151.12
44568,2350.69
42601,7430.66
57472,3387.28
28808,1753.71
12436,5019.74
59670,4367.22
53199,11697.23
31343,7891.23
48492,5679.54
48715,2510.66
67521,3928.51
65853,4037.19
5961,7969.44
47130,6248.28
5381,5950.34
5563,3141.95
9238,3107.10
10983,8866.08
44083,5341.07
9054,7246.19
65244,2487.92
20098,3134.59
64290,8190.16
59409,6639.55
11467,3970.04
20555,8844.98
54139,1276.56
51601,7996.35
20109,9386.46
12932,7400.51
32275,5002.73
42400,4066.58
11823,7313.61
22346,3240.31
7530,12015.65
38418,6140.28
42844,2583.57
63953,5487.26
28794,1342.45
68257,3308.61
33786,7213.32
62757,6455.50
59169,8296.44
34928,2160.96
40643,5795.72
30548,6439.85
52281,5439.14
16624,2409.18
18769,6165.90
30627,10460.70
65223,9099.29
32771,5101.82
25151,11105.75
9352,8585.00
37878,10970.05
35510,9750.84
41173,10560.29
11695,5795.25
5917,4665.47
24879,10840.78
15650,6039.12
35013,2012.97
8561,7437.86
37835,5996.46
10054,1178.33
31235,4446.96
5256,2279.44
24459,5394.44
55690,3475.62
16251,6017.32
70311,4507.25
35351,3662.81
26655,3464.04
45162,10095.46
35673,5573.00
62466,3703.18
67020,10198.15
10571,10180.41
66075,3430.25
67039,5095.79
46006,9296.29
65905,6024.16
69229,3447.04
25808,13295.96
19206,7839.17
40440,4969.07
48533,7700.67
34158,2005.03
22141,6900.24
42332,9331.35
26867,5721.37
3591,6738.61
44556,5505.99
40480,2109.83
4827,5012.78
19214,8940.22
7525,7699.25
2567,3054.14
13887,4791.17
31696,3241.95
14399,11141.93
26813,10767.40
62642,2688.17
43109,3678.35
47547,5818.72
17200,5488.23
55947,5097.97
2697,3331.68
23657,6951.60
16268,4951.00
28096,7524.97
56803,3657.55
57885,8894.78
9658,4946.21
9163,8874.64
40474,6077.19
6327,7957.24
37576,8496.39
27516,3320.52
63752,6595.72
32341,1002.25
62051,3574.87
42000,3541.77
50221,8938.71
46582,11791.36
13780,5396.45
19611,7704.93
44503,13224.06
45847,4859.52
12694,3145.04
33331,6770.32
23025,7993.68
3108,8297.62
44382,6011.84
5011,9245.96
3033,2648.78
3400,5833.20
64728,2841.08
26468,8692.55
29034,7361.95
45546,4895.47
11094,9913.68
70163,5679.64
69730,6585.23
57163,15129.31
35624,3591.35
56776,10547.66
66220,7311.98
33309,3918.23
57944,12088.94
32730,2846.19
64314,6307.12
45861,6492.44
3351,4321.57
2624,4286.16
12412,4208.60
53399,8076.53
67170,6897.35
25510,2957.72
24239,7059.16
6759,3732.70
55478,6501.19
60228,5125.41
6224,11540.09
30509,5589.57
52335,8864.56
47591,3091.89
30544,5695.54
7759,6789.67
46102,6532.73
67505,4551.41
28997,2923.96
46744,3488.68
70326,5884.65
44526,1795.03
25588,7901.17
65201,2292.34
58456,1226.21
41207,3630.68
20316,9470.51
51074,9398.34
3073,2172.00
8879,10151.25
29160,7760.94
51823,1590.70
57413,7237.92
42540,9637.18
18091,4849.40
38025,9276.92
54611,8911.25
29792,7044.21
69207,5607.89
64761,7450.42
61329,2264.30
47045,7647.81
38704,2792.49
44761,8051.18
36472,3666.62
60347,3971.77
30214,7227.99
17051,6953.58
49938,9510.43
24694,10240.50
45310,6815.02
67873,5270.28
2388,5810.86
36956,4980.82
5461,5132.97
47238,8533.19
8304,5552.76
24452,9983.00
18495,3590.49
3844,7361.01
132,12025.46
44769,10130.34
28964,5065.95
51213,8531.03
15996,2758.38
62237,8981.99
20666,4081.48
48322,7252.99
19828,6216.49
58139,4304.45
52476,6168.71
67502,5765.68
10203,4969.97
13715,6429.73
59765,4592.10
12411,6616.19
26504,1832.95
7473,3035.77
64881,11876.72
16008,8493.13
36193,5288.57
51373,1395.14
57629,7635.47
38177,3742.11
11996,3581.41
28881,5600.80
68341,8045.02
21567,6395.38
55500,9144.25
64356,5872.86
44263,10403.78
8404,8570.69
50626,5356.30
57935,6515.40
52144,6150.50
21830,2684.82
3730,4040.26
13557,8465.84
14899,4557.33
16383,7238.27
19603,4814.44
61292,8158.68
45242,8259.73
59239,5050.98
5179,8481.19
9455,7519.85
58071,5716.99
49858,3828.04
18317,4592.46
47191,2830.84
17325,4387.02
26417,10013.85
14449,1749.29
60597,10307.92
21278,3036.84
21210,7314.87
60468,4762.57
7867,3501.42
48185,7606.25
57291,6611.17
8850,6384.10
33451,5495.16
70451,9656.65
19927,5745.95
2195,4271.20
57443,5718.98
12942,8168.09
44266,6663.95
57519,7298.81
42884,6718.54
20255,10750.64
41935,6433.14
59181,5838.62
69855,7592.85
31896,8094.82
34267,8232.63
39662,6532.53
36811,8217.52
34468,4778.14
20899,4565.09
33499,7545.81
22831,9921.46
24645,9137.72
7296,2381.60
28634,2310.88
46551,4947.40
14221,9160.09
614,2799.46
55575,9105.77
252,11012.45
25898,3386.98
10724,5616.12
19714,4661.30
50304,7929.75
57273,6871.91
47659,8155.51
67235,3866.67
27763,3229.86
44698,10436.35
66100,3431.97
66916,4198.79
12670,6408.30
26720,4938.23
9215,6565.35
45330,1941.95
4397,4618.38
63830,7288.81
12204,7253.55
43237,6627.19
28297,6925.01
30706,10676.35
61549,3902.05
2843,6885.24
10930,5263.34
40489,6727.22
12822,9038.34
52665,4850.99
59051,3788.49
53643,9163.28
63198,5709.76
28592,3949.24
29337,4529.24
2115,6993.23
44454,6606.91
69450,7553.40
18703,5428.46
59061,1238.96
21799,7974.48
14768,1064.58
70344,9613.68
13815,7764.33
14512,4526.20
53710,10462.97
36134,2771.31
15694,9310.67
56684,2062.62
40461,6654.67
25201,7938.05
29337,7780.56
65993,6949.85
1493,13267.90
47714,6543.59
16693,1696.71
45519,9196.99
26501,3943.11
69270,4752.27
45376,7739.69
47379,7996.22
47113,6923.02
7676,1505.07
56165,15133.16
44374,5414.57
37434,7241.41
25964,5815.18
21758,9758.18
21524,1979.08
1918,1979.71
21693,6839.21
39359,5777.26
46212,9647.73
46071,7811.13
67565,10834.12
19958,4674.05
38360,2441.49
68330,4608.52
61804,6080.39
20562,6845.00
8059,3293.39
18623,1161.69
31393,10747.69
59421,4304.11
49343,2995.97
8958,3314.48
51140,9447.53
46927,5124.98
20348,6450.76
32554,6667.30
12425,5139.85
49304,4046.04
5654,2571.66
4271,6617.66
35068,2765.03
19346,8409.51
20155,4951.72
5510,12753.65
43240,5144.73
3039,5882.87
21563,3952.88
34519,2607.89
7104,6422.83
46059,9770.55
61122,1717.79
70029,9129.95
39243,4588.46
57753,9799.34
54017,6878.86
60838,5259.84
17316,4159.55
3782,7699.98
34995,3494.64
19730,6551.48
44404,4660.69
11669,9137.99
56159,6473.75
27948,1214.16
36937,3126.21
16691,6355.59
57112,5482.74
53260,8668.21
1852,5042.21
60556,6962.51
24139,10988.63
21531,4731.63
9377,8053.78
57070,4017.05
9677,4935.74
26281,6419.51
27056,2255.20
632,9589.44
59394,3567.81
59329,7162.90
28608,10315.18
67330,1135.91
35360,4119.36
17040,7722.52
11782,7431.99
6222,2807.35
55152,4491.70
34551,6022.46
52827,8823.83
45026,6129.85
36554,6169.65
14882,7796.58
5957,5631.80
65181,7256.63
28790,6786.48
41473,7860.17
50008,1186.86
44971,8552.63
44343,7191.54
58787,7447.87
49626,11271.54
2062,6877.94
12109,6275.59
25393,10935.20
2749,10120.43
61476,11415.99
45662,5510.75
61664,7505.36
22865,7991.20
69421,8528.92
6626,1919.67
63665,2788.61
35129,6455.49
40145,12516.03
8476,9544.16
27661,7550.73
26841,6442.97
17982,11693.21
2600,4932.07
64322,6148.88
64881,5581.00
1064,7369.32
57148,8381.47
33185,4033.15
64353,2331.13
2409,7090.54
6870,6476.57
22527,6688.41
55656,8359.48
56818,8002.77
41324,2904.91
2430,4704.66
34735,6473.02
18455,5645.78
15095,16116.62
22961,8985.04
791,4931.49
12301,8783.11
39636,9159.45
62660,7657.92
43194,7408.11
59878,7347.81
62246,6662.83
6781,5779.82
50233,6407.69
52388,9878.26
48498,7333.69
5449,11102.00
6551,7141.08
55478,6322.26
25443,5207.56
4721,7509.57
50946,7910.13
44325,5401.37
65328,2391.41
4358,7681.33
28320,5969.92
16779,6608.53
16189,4185.16
66497,8789.90
1860,3771.91
16333,7263.59
65047,7464.16
26640,4345.57
35139,5795.27
33166,4057.79
28417,11380.13
25945,7578.02
14774,7379.76
62323,6861.91
31115,2554.03
50492,9746.62
20046,6868.81
65667,7641.55
10665,8946.05
64858,3602.41
40899,3834.56
46809,4671.90
9552,10832.74
12026,8122.23
27259,8002.38
50756,6395.43
7786,4174.50
34974,8257.33
46034,2575.58
8283,10898.48
1074,1133.78
23794,5480.84
55840,6525.56
68156,5650.10
13420,3670.06
6736,8983.87
70201,4690.25
69714,3560.39
17066,3232.97
49340,5233.78
68647,8877.13
23486,5356.55
50446,8392.72
13403,9625.92
2916,5309.00
37522,2542.67
39586,11589.55
69219,7923.78
8121,5108.03
69918,4359.28
57617,8257.86
15291,3134.40
58546,3619.64
7407,12704.96
3266,8596.95
11750,2549.17
54702,1934.78
9938,6810.38
69417,5066.37
60314,5065.70
12398,5028.82
58979,7538.78
61213,8829.98
12698,7672.27
53973,3665.95
59097,9296.08
20870,4388.09
1175,10580.15
17416,9710.32
22025,4272.74
60939,2215.94
46151,3168.98
20906,6642.54
21354,9059.14
56891,4130.30
66390,2570.78
59353,10714.14
3482,3823.48
9939,4363.92
28368,5507.26
41321,4231.04
27084,4772.22
39736,5228.64
59424,10495.94
35218,7477.70
47531,6916.44
23411,5520.57
36927,8404.18
24909,10138.80
58825,5723.15
67655,4517.08
7073,2345.72
38728,6144.30
17177,8095.05
22828,4674.55
46438,3790.96
13276,4928.98
56215,11757.05
47227,5723.90
64952,5915.22
28852,4776.00
34006,1316.80
55135,2984.36
7965,3963.14
3990,3883.42
16920,7456.62
24417,4337.25
26120,8318.65
10299,7242.28
59250,4589.00
22514,4374.56
43732,2295.90
17244,5177.29
21984,7723.18
18691,3465.82
3618,4069.79
46368,8607.12
19937,5849.74
33378,10669.91
51462,8705.49
4007,6026.15
55452,5210.32
42165,10849.99
54527,7464.24
68839,5773.10
5255,2099.69
8509,7383.87
1029,3492.40
17057,5604.64
44446,5206.92
42525,7207.71
34168,8333.66
15496,7791.53
55010,9906.84
42878,5559.70
62877,11374.94
65458,10990.72
19951,4675.04
51758,6365.93
18159,4036.95
45861,8071.36
16240,2194.69
58537,8019.53
59022,5798.50
14758,11964.55
42476,4406.94
35608,1668.99
10338,2464.28
28188,2272.18
68768,9529.50
53104,4903.21
33068,7390.08
5231,11748.92
20023,7399.37
2501,10820.99
7324,6635.00
21363,4896.53
37417,7254.98
26591,8382.90
5559,9113.29
64193,10788.27
58775,7435.62
5160,13217.42
37686,6107.77
65511,4460.64
11571,7456.01
21278,5625.51
21053,11436.81
45980,5970.90
24085,1243.62
12185,2842.92
38866,10602.00
34848,5940.31
9963,7566.80
19013,3012.33
60913,3104.48
14974,8583.48
35089,6094.05
21891,2330.51
35029,9367.80
54885,9053.10
31326,8819.27
12540,3681.39
29120,2157.05
21337,6908.83
12600,5356.56
53229,7405.17
15687,8280.59
34933,6268.79
66235,3884.29
22350,4246.80
55586,9138.47
34269,1026.51
6799,8594.05
14105,3431.67
19999,4774.55
8859,4244.73
5733,7022.80
61684,5403.95
14042,1829.81
6449,4305.45
44081,9432.70
16073,7897.08
64399,11157.83
70332,7817.70
59289,8564.39
13061,6344.68
37199,2858.58
46207,2864.81
30524,5694.00
28320,8794.32
29284,5733.51
24526,7839.48
40720,6379.39
50623,5861.08
68572,3027.36
64377,4825.70
68028,5999.05
49459,7396.06
4107,3536.18
37364,2766.26
64916,4077.53
4173,4761.39
45578,11607.90
25877,8217.57
9004,2398.34
66733,7228.97
16262,9951.35
47168,3824.24
53602,5738.24
47781,6453.93
10558,5098.67
58051,10386.21
8742,7708.38
39031,10312.01
32694,2978.16
34036,4136.76
38369,2789.38
11056,11066.20
43939,5995.38
44454,9992.44
11077,3322.57
31416,5830.77
22717,7937.48
68623,4056.89
6833,5981.49
52233,9463.76
23610,10973.01
2166,4130.68
55764,6710.22
36130,6167.81
20360,7915.85
64838,7783.18
40533,1190.11
35636,7778.66
44923,10259.46
20695,6768.25
13486,2985.36
53867,8067.59
13916,11176.69
62526,1760.96
31096,2050.88
14232,8547.62
48674,1493.66
49418,5224.99
4717,7265.04
31853,7940.47
23614,8839.94
41057,11543.54
21539,10954.98
57251,8891.35
67171,2924.51
47589,6403.76
64896,7553.47
21681,5709.87
26873,4264.26
35805,6567.60
28316,8727.88
69971,5346.86
2210,6147.71
56506,4679.76
17790,1298.21
1118,1343.57
30436,5522.28
17257,3602.16
20520,6143.79
19099,8208.05
17321,7388.77
35308,6058.36
23319,5253.87
15197,3465.68
35299,11795.37
48050,10465.43
27535,12642.25
5053,4944.21
26470,9159.92
17657,8171.44
55833,5910.27
35365,8218.18
56630,4934.83
12317,6288.38
48822,4952.86
25620,10168.85
39180,6050.30
18126,7688.07
40015,5439.55
13702,8920.07
51438,7486.69
53004,4877.11
7396,1806.77
44475,9065.55
22993,11916.62
56517,11483.99
43617,6878.54
11629,11743.31
18861,8035.74
6730,1736.72
67225,2341.31
9362,5635.81
5375,2739.45
59565,12248.53
11720,4362.94
39083,7015.35
22029,3407.97
20627,2584.27
54829,3293.11
13644,4075.91
44548,5434.57
62111,4260.38
34930,4073.61
26488,1422.01
12523,7472.44
3443,4634.16
63334,6870.42
28261,1721.03
45708,6919.79
29651,2633.70
4207,7203.89
32215,8296.11
22970,12827.65
1198,9993.65
53649,5916.25
14427,3708.71
30563,8392.81
53437,4625.15
57733,4713.48
58742,6286.54
62898,2335.07
32498,9329.97
52798,4594.41
47487,4724.79
11812,7388.94
57150,5294.89
23205,5779.62
38715,8188.73
54592,6778.51
13447,6415.93
28871,5804.13
17399,5351.08
27247,7185.97
23862,2750.20
18539,6171.91
67296,8732.49
63092,4366.85
16131,4501.48
58520,4613.06
25244,6940.18
41489,5237.38
58550,5322.05
68759,9322.10
61903,8500.23
34507,4068.12
50186,4974.30
25142,1216.18
60058,2494.99
50655,3490.82
33675,1182.70
8410,8583.37
23687,7979.01
64316,5933.36
38847,7516.85
32751,9320.43
44381,13219.80
58375,8413.55
18961,9006.36
26888,5748.69
22768,3922.02
54474,5581.15
5388,7041.93
35667,9030.70
17233,7574.28
56511,5026.26
26141,7669.67
22920,3314.55
23174,8459.18
56267,5894.45
16055,3477.52
31750,1471.45
42431,11496.10
15315,3425.58
36025,7515.74
25947,3807.13
60337,5809.22
55514,9052.00
56755,4981.40
10254,5336.10
61580,3890.60
20689,8246.94
9313,10754.69
49104,4615.82
56162,6177.29
39175,13533.41
26418,6975.30
23654,7224.10
21936,2644.29
20896,1182.44
35607,4365.55
8235,7765.03
21072,6402.98
64312,7529.33
32716,3661.74
10033,4846.60
20381,6967.62
44062,5503.63
6798,7368.21
45615,7986.09
49134,6425.48
48598,6672.81
43665,2909.86
63240,6227.48
70147,5316.61
60016,1335.04
53468,6650.71
60847,1397.17
62004,7467.25
12903,6815.94
58214,2859.89
48278,9055.14
67705,3982.41
23441,4108.18
41730,5152.40
42150,4279.37
9383,10191.47
10403,2011.60
57918,7031.91
55501,5330.15
2959,5704.67
66270,9625.88
53575,4066.32
61527,5477.46
7917,4181.00
59780,7675.95
12137,5699.49
57703,8893.38
18870,10507.90
45129,3169.22
6117,4314.35
8963,7881.18
66870,1538.44
61032,6607.23
5834,8227.48
40455,6403.61
36908,5209.43
8172,4738.47
47923,4927.65
42857,9142.56
5473,4235.13
26374,6375.38
14932,5659.08
60153,7098.09
48320,3837.13
36159,7749.75
43750,3332.40
46911,7334.75
18911,2141.68
6802,4090.97
34484,4252.13
736,7727.10
25462,10846.59
55162,7020.27
48910,1372.72
61958,8173.14
35768,4573.03
43777,6294.19
29422,8401.35
22772,4045.78
65993,1456.07
53980,3725.42
59081,6996.50
20517,8362.84
47606,5343.68
57285,5836.91
17279,9743.01
26148,6528.27
45288,10187.84
34281,1110.25
24182,2763.89
68412,4164.68
47919,1262.89
66233,3564.47
35797,4684.62
15790,2894.63
14997,7411.01
39787,1830.40
1317,8068.90
5223,9038.05
5002,7356.00
57336,8033.63
19995,11999.64
45260,7602.03
68512,7709.07
23951,1719.97
70530,6338.99
7612,7083.65
57318,4780.52
61273,3781.10
7491,8414.26
9259,2305.58
23883,4795.51
55155,5195.32
21411,11051.94
28772,6164.66
7851,7269.57
19766,3977.39
69919,6355.69
12606,9223.17
29750,3567.62
42524,4493.53
42255,7648.12
47024,2034.54
64496,6247.01
30579,2525.97
26035,4220.50
20451,1765.33
16393,4529.74
16935,8601.52
59244,9396.48
47231,6426.32
34469,9023.18
30521,8802.97
2453,8663.93
46007,5049.03
24386,4472.88
20938,4248.18
6198,8861.00
40965,6386.92
17983,9659.94
36497,2604.58
68711,6335.72
5931,8057.25
49958,10216.34
20275,9657.62
17164,4171.80
35064,2615.14
4557,7851.41
63999,4243.12
9152,6374.02
64921,7132.70
30657,3874.13
45317,11144.36
52941,3935.13
52576,8898.01
8550,4832.19
23483,6120.54
16058,5909.66
49421,5115.54
6785,5574.87
25907,5334.46
7853,4070.73
44527,9251.30
10637,8694.89
29918,8072.49
68416,5098.95
5569,9876.68
14359,4806.86
54704,3781.10
70325,8289.99
29231,2258.88
54508,5481.39
33778,2389.10
56107,9118.79
35959,7418.54
68002,6698.82
18618,5197.94
66935,6463.67
36234,8890.22
56304,4292.60
45897,7517.65
29671,7127.66
55079,8167.60
51781,10264.23
20428,5775.30
10128,8309.32
61979,12126.65
47309,8430.06
5731,6789.17
59331,7217.69
10958,5485.06
51628,6978.21
63508,9202.68
2384,4435.99
41553,3529.96
39094,5111.33
12332,7490.86
2255,8132.54
58912,2816.06
6412,10714.27
68047,4189.25
32584,2203.04
52764,5842.18
52919,6112.72
20200,10203.03
35400,2975.79
23040,6819.13
2481,6892.52
25667,7068.57
64910,8982.70
19302,4068.56
35404,4784.63
5714,3435.86
8892,9204.52
46866,9928.00
3283,11873.13
48847,7202.04
47977,4778.71
26075,4271.59
4805,3984.12
47034,1771.73
51970,5288.39
63788,4925.77
7052,3451.03
31159,2612.99
57431,3737.46
19560,11474.90
16672,4271.01
54565,7311.81
5513,6577.91
3482,2798.53
23182,7159.42
57203,5454.80
23743,5332.26
35137,7572.52
3343,3312.16
3910,5205.09
54144,7422.66
7211,7490.80
47223,10956.33
48263,7177.87
48507,6536.42
60542,6554.15
20555,7353.43
50270,4745.98
43765,8125.34
42991,2464.33
50434,13754.60
42049,6920.27
30204,6130.18
70240,2777.09
9464,7132.70
34729,2741.92
36238,2879.62
64726,3327.65
26175,5468.46
19403,8867.42
13796,4375.19
54433,2038.78
63166,7644.73
57730,6341.92
29862,6341.59
62012,6973.71
69075,7957.35
47440,6656.88
34815,6866.25
14182,2157.33
16240,6315.52
47320,7182.65
42959,9438.58
41254,6226.22
5633,4565.88
20035,8612.61
13603,10603.75
64066,7386.13
67857,5934.48
55992,10646.98
17722,9381.34
51667,6295.81
32210,3340.78
190,6689.60
7634,3864.44
30184,3580.34
53314,6117.64
36833,10959.85
10394,6462.83
31180,5014.15
29361,9788.89
27833,4561.41
65441,11453.64
1025,6169.90
38723,1013.52
42620,7822.05
44453,5775.23
60513,8388.06
7558,5214.85
62657,11243.50
22292,7980.73
20927,7253.17
37575,8382.11
64025,10608.22
35210,5362.00
44835,7648.27
43252,5193.76
51600,7729.12
34173,4298.44
332,6289.32
32101,2371.66
54863,5771.59
22533,6236.06
12277,9375.54
15703,4276.79
4513,4215.82
4557,2766.44
9404,1709.92
64342,2688.94
51126,5270.80
42998,4769.10
21115,5500.24
42689,1004.26
63553,7835.28
31397,7886.44
30700,1184.12
7033,3275.61
48914,8011.08
45407,1018.51
42932,8942.79
68176,5709.59
52377,7845.45
70595,2147.40
22240,3183.03
8159,10042.86
16488,6291.66
53643,5123.38
36083,8213.79
52710,5169.29
23475,5095.34
38874,3162.17
50195,7689.36
62594,10491.03
33550,9496.33
53988,2936.00
63307,7536.02
21040,8301.98
66320,9355.89
21772,4025.78
60268,5006.82
44375,9946.10
2996,5750.07
65581,5850.56
45590,2040.56
32917,9268.32
41736,5525.66
52057,8120.97
53398,7045.53
66725,11319.28
33631,10370.81
6989,7047.92
30274,5607.22
45839,6188.69
68441,5951.65
60638,6250.92
23242,2002.30
7594,8084.49
19492,5486.33
23097,4056.02
47492,8841.63
54781,8302.32
65806,4208.23
18859,3139.13
59329,8612.52
18306,6752.67
20733,4781.82
16711,5726.47
56788,9798.83
60654,9733.08
32551,13061.32
50239,5862.10
18029,8459.33
46881,5072.66
55956,6153.74
7969,5389.19
43043,6427.61
19088,2888.15
7190,3748.91
41990,10129.77
22436,9520.12
34817,2808.53
61997,5355.18
61549,13900.67
45434,7381.91
58520,8305.34
29185,4909.35
19048,5921.39
21628,7925.24
52472,6975.81
4673,7985.27
8436,6732.09
64573,4616.58
4447,8758.52
38280,4492.29
54874,5118.43
22385,8744.37
37669,5848.27
49029,6690.43
62288,6774.20
23263,6206.07
24621,2873.82
51457,13938.70
25545,6710.04
70215,7433.41
56980,9328.56
34928,5166.80
29156,3816.63
35897,8081.42
52851,7298.47
52256,6784.66
26975,8710.04
550,7321.45
12094,6328.83
53382,1207.99
48263,5346.89
68041,7590.62
36029,6479.37
50083,4492.18
58674,9780.02
8775,6854.04
58764,4167.09
62276,8620.14
50626,6571.67
53305,13496.17
55353,6045.11
26553,9017.95
63186,2227.45
12673,1006.84
61852,8932.19
8998,7680.09
50960,6635.97
5632,1622.80
4466,9842.07
14330,7389.11
7967,4138.18
3114,5212.50
23019,7343.74
12873,7787.31
45651,10974.36
48291,5650.54
3287,7264.94
21987,1068.27
3160,4292.63
70009,6803.08
2445,6368.16
43041,4805.55
65249,7234.52
64607,4846.14
55775,7712.50
12828,5125.71
70342,7490.81
37476,2737.91
66958,7615.38
15486,7580.12
38002,2377.13
40420,4316.75
25635,14642.55
32087,2307.28
15460,6023.29
12871,4450.33
43021,4733.24
64914,7358.82
33930,2853.20
2969,7126.55
45766,4240.01
60554,7989.35
39106,6085.13
17155,2719.45
4504,13296.24
70440,4244.54
46637,5709.09
14553,4219.52
22784,2201.62
50660,2268.22
60652,8887.16
18801,9741.73
1110,7908.90
58173,1075.32
66657,9489.91
55525,7544.89
37141,3425.65
151,4715.06
61642,4495.37
10905,8074.37
1434,9359.09
49861,3835.47
32729,6891.35
42096,8054.68
41940,5263.89
6137,4530.87
28855,3106.44
37825,2982.83
70189,7113.74
9011,3983.38
3415,6874.70
17508,8801.40
27400,3590.86
56141,3919.52
22667,9969.96
34585,6817.18
65374,6475.38
49627,9004.16
64360,7360.46
20399,10649.45
14672,3932.70
18921,9051.20
55216,7245.54
49438,6600.01
48430,8703.02
20087,9997.53
53692,11532.64
45874,2795.98
10689,3191.65
45855,10945.78
46697,4611.30
3032,1571.05
55620,3367.89
1921,3842.38
25509,5992.24
5898,6700.30
6248,8947.23
3991,3738.78
17090,1925.98
67687,7132.70
65382,7191.33
56418,8303.90
32693,3183.36
61880,10017.73
70122,5657.98
50713,9379.78
68821,2217.87
54500,4708.26
64880,8706.09
47440,8431.21
22911,6941.43
63430,5409.88
16753,8891.21
47529,10029.76
67574,2487.20
60372,6220.35
4891,5654.09
37667,4672.28
38815,10099.07
66435,4441.87
29173,5046.14
53973,9131.03
21161,6901.43
62697,3912.72
30118,4257.38
58369,3156.51
44200,6027.14
22845,3436.55
21063,6950.02
27110,5306.18
48383,4326.59
53072,4180.24
55595,10434.88
32372,4276.79
24837,3754.62
64040,10141.52
52964,2932.91
68955,8545.82
61849,4620.76
1864,6696.48
68222,8409.01
28742,8284.29
32988,2452.08
13582,8704.95
28651,1574.62
49817,6408.75
4358,8527.15
29994,4192.40
51817,4578.47
31597,6507.34
57511,2956.29
13591,6671.72
4559,1653.10
37757,4783.16
49491,3551.78
45580,11644.37
20493,3143.66
70387,10042.24
69406,3130.64
41774,3668.20
26612,11377.05
55074,4779.14
37102,4673.06
15037,4674.79
69214,4780.46
64841,4940.50
54831,7832.15
60015,3148.78
14707,4332.94
45293,6673.15
28428,3179.20
14584,7009.60
17130,11505.40
35716,2700.01
56166,7309.90
23321,7920.90
19241,10848.57
3285,8321.48
23988,6045.99
33461,4355.85
51769,10795.63
65354,4684.55
31292,10994.70
23880,6922.52
59409,3318.74
46131,8934.68
38219,9835.01
31086,4334.16
17762,7786.53
56980,8037.18
8177,3312.39
5000,8271.00
3488,8173.99
65741,3089.06
14031,6642.49
35769,4810.65
1328,10696.03
59699,3452.46
4847,9178.68
70504,8478.96
27728,1745.53
69515,9676.47
46046,3936.41
45053,9015.64
68464,7403.87
23487,7998.89
26415,5606.21
28512,13618.00
15474,1355.30
49205,5606.68
16681,9245.48
989,12337.96
29069,1498.50
70269,11658.65
43262,7962.29
27512,8634.49
31764,9725.18
37049,7659.29
60028,7333.46
39047,2431.82
51503,2041.14
17324,2552.72
6482,3564.13
22064,10617.27
45140,5969.48
7899,8500.19
33051,5897.82
3783,8152.18
67556,1608.12
53971,10772.78
15859,7582.29
62819,10638.08
5926,10547.71
27988,9901.56
33765,6010.77
8242,9523.54
5390,6998.95
23082,7600.77
66099,8382.22
65924,7363.94
53669,5996.43
8825,6257.49
5503,2654.21
14722,8820.69
20317,9411.06
28649,6556.86
17393,7507.78
54079,3438.59
1387,6598.86
46007,8592.80
22791,11466.35
23546,8914.86
9009,2717.86
41809,2751.16
29717,11909.35
41234,4132.85
2921,9570.88
1485,8289.30
22318,6011.77
8576,6521.09
67798,7484.39
18947,5191.44
36368,8785.34
5721,9047.90
25269,1805.57
34310,3291.34
69735,9865.15
1074,6214.83
1372,8855.25
58676,10001.82
43338,4100.53
28543,6318.06
1445,10368.58
59305,4360.83
20540,10079.72
55783,9506.47
42145,6911.13
39357,8901.53
27550,8708.77
50325,7044.93
21636,2416.27
69757,8741.73
27351,6092.39
50643,6311.51
34495,5973.65
62574,1555.20
66677,9395.37
57108,8551.47
56820,6342.08
49737,4377.29
50837,7665.96
34158,8343.60
16325,7167.08
11952,6921.66
2813,3246.36
28487,4755.92
36908,7449.02
40388,7640.14
57404,11069.29
912,7607.62
24926,3277.78
55671,8050.75
15321,6384.87
28015,11348.70
23982,6014.86
7745,8646.18
14897,6457.65
66479,6119.14
44319,9256.79
63860,2353.75
55824,6467.97
55885,7328.80
37378,7324.25
8895,4231.98
54705,5299.70
34476,7048.75
8656,6783.77
8540,7596.42
22144,7870.68
53010,4775.73
7144,9273.29
304,3719.75
38919,8037.02
46257,8943.43
6892,8187.19
29582,2897.85
12311,6658.00
39308,4265.64
55465,8184.09
28623,2374.74
5472,2939.67
45441,7054.11
47155,5590.80
37271,6506.17
48891,4430.01
6114,4109.90
30595,10792.91
43663,5440.69
7670,3332.86
41246,3993.27
64805,7060.45
5233,3822.89
39367,5832.27
18599,3626.42
6799,8133.04
687,1793.66
22555,7024.07
16633,7062.71
40133,2813.45
43766,6651.80
37603,1282.47
22826,8659.72
50199,7107.01
28801,5970.61
27445,6247.60
32264,11508.12
5810,9292.08
4777,2685.27
19229,4367.16
978,7817.21
14490,1421.13
29252,3715.52
5543,6148.95
11769,8669.38
66426,5246.02
20231,1489.26
64154,4675.74
70202,8548.29
28810,7984.65
18717,5736.09
54707,6158.67
61420,5302.69
34352,9493.43
48864,2916.02
15284,6352.84
58876,3066.66
51552,4813.50
51195,2604.71
57987,10268.30
51764,10871.15
60447,5468.47
35319,3048.41
67924,5685.97
862,6034.60
5204,12156.69
5767,2393.32
45926,7599.98
58080,10169.35
4336,3288.09
51824,8213.87
53100,5705.60
36957,4598.66
70521,7907.47
20512,10856.13
31949,4251.98
36552,9429.77
11740,1827.45
63003,8146.58
68598,5382.01
55293,6983.41
41364,8308.27
41562,8518.47
24247,7505.78
4452,3897.03
53170,4376.32
42900,4316.16
28865,6887.28
45861,2086.84
30563,1515.50
43955,7763.48
59981,5247.53
38728,6781.47
38296,6611.62
9623,3514.46
49635,1035.69
14868,9722.91
25001,7375.29
16554,5254.92
51838,2166.56
15067,3144.19
25152,4015.77
31576,4979.62
24581,8443.60
61547,8206.07
29764,2657.40
25214,6465.29
67131,7035.21
24528,4952.76
445,4669.52
33541,12276.10
16952,4515.60
54672,2954.17
34589,9024.77
2141,9012.53
63307,7097.90
18505,7980.52
23097,4784.33
32020,2319.70
48285,6412.65
23959,12098.99
43300,9259.30
24051,9205.42
22269,4770.28
55850,7214.19
13536,11168.49
50395,2570.30
59332,5661.71
11753,4630.16
44859,9414.59
53375,8901.56
44051,3837.78
51368,5792.77
16679,4923.50
32114,9055.36
40723,6777.74
24717,7915.98
58412,4102.90
7314,6101.61
16837,4699.88
40143,7777.69
24440,7060.21
63774,3335.15
39498,11100.31
3675,4611.56
32907,5325.05
9081,6234.72
36022,7901.25
26825,4877.53
70481,9027.85
23476,2973.12
6382,7965.89
12219,3756.69
34548,8731.78
30492,6739.18
14998,7697.13
38523,2746.45
15959,8151.98
9353,5824.35
56856,13870.40
15715,1858.48
58190,4212.27
26310,12060.54
59401,9163.61
38197,6423.04
14700,5021.97
51715,4657.36
13826,7013.73
34885,7032.46
36186,6903.75
53133,8228.13
13815,4972.28
56598,8494.68
39576,6607.26
13640,7362.07
69158,7478.47
19008,3130.18
44883,8894.73
46520,4792.71
70572,4410.24
69632,7743.38
13014,6388.00
60587,5976.00
43429,4530.17
36633,4122.80
43173,6567.09
45928,3921.34
260,4745.70
43513,8170.57
25481,8150.85
9543,3934.20
36027,11013.76
48368,1031.06
47313,4934.74
57790,3826.44
49955,7677.65
4116,5839.72
24513,10359.09
42717,6181.12
56996,3357.16
48229,7469.87
59816,5549.74
33121,10546.33
42707,6331.98
17526,4429.03
26469,4578.02
56892,5928.33
14579,6772.19
33554,10767.92
5120,9627.49
41177,8809.46
10343,8602.17
18760,2140.14
9058,3322.11
20715,10779.11
43031,8143.07
8367,9607.42
27923,5735.35
41462,4178.20
47562,7822.01
20344,9046.30
5388,8093.34
2064,4161.50
57829,7615.64
15955,7245.15
59907,1915.92
64199,4788.44
58655,5837.80
47420,8169.43
19994,6220.16
1591,4602.05
62676,4132.30
35259,8299.14
60973,2610.97
57779,6832.81
45683,15167.96
29994,5084.05
25262,10020.00
260,8898.63
10940,1559.39
40391,6080.36
38350,9621.66
28162,3594.58
46134,3901.85
2622,4898.55
4917,4008.75
69205,5841.42
7565,8724.07
34115,9079.48
27613,3978.39
587,3179.51
48769,10063.80
52415,7837.87
30498,10374.16
48693,3951.33
48341,8409.05
41919,7211.96
17468,7592.34
40328,7147.79
5807,4528.76
64925,4179.45
35034,3962.94
18250,7641.73
67021,5746.67
34388,9967.04
57103,5157.41
58873,4834.49
13876,8393.59
14737,4090.61
60842,1732.48
10185,1460.93
68627,9953.65
70475,5468.80
14328,8114.14
66601,9020.60
10273,4412.37
35704,8642.91
15393,1856.83
51665,4449.00
12300,6112.00
13790,6791.69
16742,7536.09
63270,5972.79
20290,7125.59
35091,1112.61
9703,5701.57
54967,4361.72
48747,7159.91
60937,7811.99
68305,3192.29
34407,3465.17
64415,3599.69
33419,2906.09
16330,5224.92
1635,7302.95
44045,9812.15
7816,2802.94
6315,2212.00
33040,4205.49
23299,6427.40
32094,4082.98
4886,5229.86
63932,6495.68
58034,7802.55
64876,3280.02
21012,4362.99
70624,3749.28
43380,6362.06
39971,8487.36
19474,1842.24
36495,4584.59
47013,5762.31
27098,6481.95
8272,7411.07
45847,9679.06
68632,10536.11
51059,13144.38
48210,1412.63
41820,8877.46
28915,2394.53
31591,5491.99
6973,5817.41
15867,5879.14
32035,9084.38
18020,6308.57
4754,5777.01
58426,6103.71
4118,9489.91
31279,2416.18
65591,5969.69
263,5599.63
50779,7099.81
54435,4934.09
58270,10419.24
44936,7250.04
9937,4772.97
18103,5631.65
22321,7513.75
6783,7309.43
20225,1452.01
29844,4450.36
56320,5075.76
70635,1312.18
66813,9113.45
48067,5140.42
65376,10620.16
24795,4198.16
64425,5593.58
9013,5244.07
43435,2204.61
36036,9252.31
21416,1423.10
28687,7799.29
37828,9035.13
10709,6438.09
46765,1962.49
61564,6664.50
3518,10400.61
63863,4333.04
2066,4035.51
31180,3288.70
31159,2688.56
49239,6788.70
14145,9466.07
2076,8376.38
15494,9368.20
6833,10031.02
32644,5307.54
58477,3357.98
64588,9034.31
49112,5885.34
67410,5448.15
39194,7376.65
68699,5175.56
14458,6004.92
11555,14453.84
48125,8258.23
47557,7485.84
59431,1998.46
32409,7528.46
49839,11983.50
52141,12499.58
51740,7736.11
46274,4614.18
28769,5667.17
29348,1619.25
13851,4787.25
41560,4117.33
9093,9008.40
35339,8552.78
62302,1398.77
18530,11737.53
10473,1288.02
65648,8328.57
35771,8726.01
52821,2950.65
55506,6457.94
49959,6382.78
53631,6053.28
22735,7192.47
55434,6198.58
49374,2643.98
49136,9661.05
69184,6642.00
40421,11299.10
39514,6634.16
13780,7580.14
26080,7806.89
7397,8247.95
40265,2358.51
23477,4954.33
22895,10390.46
38799,2348.62
80,5495.97
47738,10379.61
49727,9507.92
24197,7253.07
68560,3579.59
38758,5716.59
63808,3223.00
4425,3781.43
60228,7207.13
30567,3136.29
21206,11213.64
15234,6750.24
15880,5041.10
57156,11132.19
56641,9842.56
46756,6160.91
43447,10945.11
39799,2201.06
46474,4607.26
32226,3963.13
48732,8496.87
62923,8497.83
16542,8624.63
3984,8716.16
59692,5896.56
57610,8391.40
57756,5954.15
48002,7052.39
36282,7854.34
63986,2595.96
24481,6329.11
54546,5263.73
29670,1872.91
49451,5425.76
19146,1884.69
6325,7618.43
20030,2932.97
7760,2571.39
64616,6185.98
19711,4652.59
19721,1995.60
31059,7983.06
3179,4609.60
309,8033.64
53371,3139.40
29153,6890.13
68987,2403.04
5964,2241.89
64838,3633.26
27363,9277.97
4229,12565.93
22701,5696.61
65418,8688.20
55924,7109.17
51102,6340.60
70132,4756.64
64898,7678.76
4045,3343.36
17915,2034.14
42625,4791.64
10122,7591.24
8404,6217.52
37465,3962.13
7039,10394.04
44868,7220.09
45838,9585.55
56363,7297.64
62413,5449.87
31098,3793.17
52978,5687.61
36776,4607.02
16174,7971.07
1914,9167.54
47555,4893.33
70258,4875.30
35573,7866.53
50873,9890.93
53150,6042.22
6216,9342.70
59216,8650.53
33856,9375.11
37033,5665.17
36622,6934.13
67167,8410.80
6504,11191.90
62251,4541.58
37126,8084.46
57911,6539.09
58680,3613.96
36692,7278.86
46975,4602.45
29885,10545.63
20505,8648.20
37277,6940.81
6585,3858.32
10559,6094.64
26668,9308.41
49687,6316.96
8451,5605.58
17425,5012.49
24615,6152.14
36676,6680.05
7752,2316.11
33744,4710.54
18146,7076.75
17227,2603.06
6207,3853.29
3553,9231.98
12644,2910.87
38633,9252.43
25158,4666.90
54870,9343.12
10360,8865.88
58652,3764.62
33284,3263.60
18913,4603.86
11194,5629.34
29000,7901.89
57532,5726.60
58743,6823.78
38121,1072.50
53891,5006.83
33117,7833.22
39257,3117.72
18131,1782.96
23632,6779.43
59906,6221.11
27517,3891.81
40190,6455.38
64879,2850.35
44198,2060.51
28045,8662.40
39428,5706.57
16409,6341.69
48008,6007.45
12020,5167.46
67646,6397.38
34108,9286.00
26689,4073.66
7554,4194.93
8983,5515.97
30630,2123.86
35360,5482.37
43674,13232.78
70625,3718.08
32273,1253.64
44016,8462.35
27210,3275.85
5530,5801.94
16507,11230.61
2652,8810.83
68488,8978.47
58202,1889.28
4290,6054.36
55406,8004.68
957,7789.37
23847,11528.88
27504,6173.45
56691,10483.06
38492,7222.98
57682,6565.57
20981,9227.35
44776,8570.44
40995,7044.85
32194,10057.58
53389,8614.55
34570,14515.92
25252,2326.86
69048,5638.25
24736,8104.72
34179,4348.67
6555,8256.27
28688,4068.14
47090,5415.17
24871,9930.97
6978,4276.15
28161,8247.01
15510,6988.43
68611,10411.11
58350,3005.00
29851,3134.07
13051,4563.41
39026,5350.45
56586,2111.67
57767,2458.57
5707,8523.09
37792,5656.73
37968,2360.64
68931,2774.59
16061,9915.91
58122,6581.13
14456,8570.02
9861,9523.54
4725,7596.52
14852,9653.17
64026,9086.25
33869,7184.61
25225,7327.16
16378,12794.29
37146,3808.18
49903,10725.26
47252,5320.13
13528,7280.76
10502,2027.17
67514,8223.22
15141,6165.64
65295,6206.88
61778,6371.75
6076,4001.25
21512,8263.22
70124,10585.10
18655,4453.42
39684,8510.32
20489,11790.87
10375,3729.98
44331,11958.21
16977,5755.01
40514,5041.01
62665,5383.41
6389,7892.86
5140,3026.21
20396,10540.41
62983,8991.29
39925,11352.81
29777,8763.96
26288,9844.33
46087,10737.68
33962,2409.70
51899,8157.35
15423,2729.01
24052,5224.71
67168,4134.74
34446,12316.40
15990,6135.52
43404,7043.35
42109,6892.78
26007,6567.56
44352,6611.03
54529,10648.87
29538,7274.58
46826,7983.62
15213,8881.24
53493,5896.11
65344,6583.70
14057,12301.77
14763,8471.45
53790,3830.67
61437,4156.01
48243,4160.62
35970,7312.83
41595,2994.81
21337,6552.38
61605,4572.16
16401,5774.98
4427,8638.29
2961,9598.10
5848,5560.86
67986,5584.21
49594,4491.62
23785,8839.72
34813,3951.00
2561,8542.58
66581,4176.19
23404,8565.15
25436,6205.00
44495,13293.72
38363,5072.88
70585,9069.44
51031,11924.86
63935,11286.45
33664,10009.83
51255,11284.35
28718,6184.12
1564,3250.23
22648,4690.58
7652,2975.82
65028,4929.72
24442,3191.54
21165,6542.80
18942,1212.10
8158,3666.63
24233,1823.73
2430,2910.03
8210,11596.74
45475,5615.63
60433,3827.50
13702,7887.40
7926,5896.10
12235,8062.10
58827,5004.25
24650,4984.46
69933,8344.12
17781,7413.63
67714,9999.46
32851,5771.19
21517,4668.37
43850,4778.34
70271,4109.98
35105,6033.06
38360,6241.85
47097,6533.50
69585,4331.83
63624,6261.99
50185,8820.49
58268,3976.73
49767,6039.68
25360,8301.17
15404,10484.37
56659,11109.80
43885,3659.16
33896,6012.71
36652,6243.64
20255,1983.51
9813,6229.69
232,5859.32
45469,9397.80
46457,4703.43
46797,4771.08
20986,3522.34
63025,6264.72
2678,6881.23
2777,1600.39
60577,8088.20
47317,3277.43
61623,2998.19
38580,7467.08
23155,1354.36
17579,1873.80
27454,13773.20
3236,6419.53
30736,3927.16
35046,4967.83
28631,8799.93
69672,10963.25
49098,8580.68
18600,8699.02
44859,5090.58
45000,8401.08
1881,9473.83
29166,2568.95
25312,4620.90
6895,7352.52
11725,8614.94
20379,7028.77
20272,2771.97
32848,11248.73
26815,3026.45
16735,6141.74
59399,8633.55
32166,3734.61
65787,8813.60
27633,5081.12
59477,3456.46
49485,4967.78
66446,9309.80
59230,5589.17
18886,7183.12
3273,3651.29
64871,10708.02
52161,8494.24
46491,9746.38
65099,9852.44
26155,2829.33
23478,7219.22
62250,6203.86
51068,8026.37
52181,4877.51
56480,3798.54
44914,6046.76
22762,2903.68
69430,8423.33
19399,2595.87
29349,6373.26
52427,7123.66
31310,5198.86
26400,7305.01
19105,4637.55
5694,5859.06
19306,3934.63
65145,5570.64
36921,5409.84
15616,2227.33
33511,6412.06
26245,11884.22
29403,4449.08
43269,3955.19
33142,9471.52
56548,6766.81
59034,6505.07
70626,5760.53
23212,6604.20
13938,8406.52
69112,3663.88
54973,3691.87
54037,11567.09
40912,3413.96
33146,3755.68
7671,4007.80
58099,3965.92
20304,3277.97
67226,4837.39
10089,6700.09
44368,13857.02
51837,4240.09
43797,2078.74
33782,4332.02
24596,8669.26
49705,7562.13
23840,3783.87
49865,3118.22
34358,7088.76
46460,5661.50
29764,6005.98
11929,2819.47
4093,6120.54
15957,2619.66
26805,7636.27
60,2986.95
10291,7565.40
35549,9045.06
31709,5209.59
24571,4573.54
51986,9436.27
6735,4102.64
67626,10579.36
40414,6742.62
56409,8717.26
2137,1408.27
25298,6625.26
66486,2355.82
61246,2930.95
69075,12100.57
53289,9147.62
64062,5602.88
3264,7490.60
61835,10577.30
42640,4183.03
41917,7731.75
65572,9402.02
13549,3305.29
8774,4974.73
44533,8838.18
35093,2982.57
62838,4254.78
38280,5132.60
64107,12880.89
53519,9549.21
44109,8453.65
56790,6771.25
49194,7810.91
57972,5631.96
9798,2006.89
10315,9566.04
32664,3561.56
52036,4121.25
59602,8606.18
9947,3710.37
68600,3674.51
49504,2524.84
29851,10096.69
